,0,1,2,3
0,179,12,253,18
1,169,11,243,15
2,166,12,237,20
3,164,6,226,12
4,147,6,180,6
5,163,8,259,31
6,173,10,271,23
7,172,8,246,20
8,163,11,231,15
9,192,9,266,17
10,186,6,313,40
11,159,10,240,27
12,189,8,291,29
13,199,16,294,26
14,181,12,252,14
15,172,5,234,10
16,179,13,240,13
17,177,3,236,9
18,181,7,256,18
19,177,9,256,15
20,155,7,202,7
21,182,4,254,14
22,197,8,268,13
23,162,7,264,27
24,171,7,271,24
25,157,10,232,16
26,141,7,229,22
27,173,8,240,17
28,175,5,240,17
29,169,11,257,26
30,172,9,225,10
31,164,11,222,9
32,163,8,212,11
33,198,9,280,19
34,147,6,228,24
35,145,9,196,8
36,152,10,190,8
37,193,10,232,4
38,185,12,222,5
39,149,9,186,2
40,153,10,189,6
41,156,7,199,4
42,146,10,174,2
43,184,11,241,9
44,185,11,270,17
45,147,13,221,20
46,163,10,219,11
47,197,9,316,31
48,157,9,225,13
49,144,6,217,14
50,184,7,242,12
51,174,10,277,28
52,145,7,233,22
53,182,9,292,30
54,155,9,225,12
55,177,12,229,11
56,159,8,227,17
57,193,11,251,16
58,194,4,282,17
59,190,7,246,8
60,159,4,223,14
61,189,5,240,11
62,177,5,231,12
63,166,5,236,14
64,191,12,264,18
65,154,13,219,13
66,178,9,300,29
67,164,8,236,15
68,192,13,283,21
69,188,8,250,11
70,183,11,269,16
71,195,5,269,11
72,192,9,282,19
73,165,13,201,5
74,172,11,267,26
75,178,9,276,22
76,158,9,221,10
77,173,7,261,21
78,162,7,258,21
79,174,7,245,17
80,178,9,227,11
81,170,11,279,31
82,178,5,268,20
83,163,8,231,9
84,141,4,205,6
85,156,6,226,11
86,156,6,232,17
87,166,5,235,16
88,176,7,248,10
89,176,10,237,10
90,161,7,233,19
91,158,6,235,21
92,190,7,281,22
93,191,9,307,29
94,180,12,244,14
95,188,11,284,33
96,152,10,210,13
97,159,6,210,8
98,177,10,244,12
99,141,3,185,9
100,172,8,234,17
101,140,6,211,17
102,169,10,237,16
103,164,10,235,12
104,141,11,193,11
105,144,6,203,18
106,142,6,192,8
107,176,7,233,7
108,148,4,196,3
109,148,6,209,10
110,151,10,194,7
111,174,9,228,10
112,167,10,224,10
113,149,9,207,10
114,177,4,248,15
115,177,7,263,22
116,161,8,234,18
117,200,13,301,22
118,186,11,273,19
119,172,9,273,28
120,159,6,260,23
121,154,6,216,12
122,145,7,246,31
123,171,8,240,14
124,189,9,278,19
125,179,13,249,17
126,173,7,262,22
127,195,10,296,25
128,159,6,237,22
129,168,9,233,15
130,199,12,275,16
131,155,12,236,21
132,173,11,276,29
133,166,13,253,22
134,145,11,235,25
135,195,13,277,19
136,142,6,185,6
137,142,8,211,16
138,164,11,240,18
139,162,8,245,27
140,189,8,257,13
141,184,7,269,22
142,153,10,227,21
143,195,10,281,21
144,198,10,294,27
145,145,5,223,19
146,169,7,249,22
147,194,8,257,10
148,187,13,289,24
149,173,4,261,23
150,147,6,215,14
151,161,6,228,16
152,167,10,264,26
153,151,7,234,25
154,198,8,282,25
155,186,12,266,16
156,172,12,235,9
157,180,5,251,16
158,182,8,260,22
159,171,7,206,3
160,165,10,247,19
161,186,12,259,10
162,173,11,226,13
163,135,6,180,9
164,163,4,210,9
165,197,12,274,20
166,143,6,220,26
167,192,8,278,25
168,155,6,235,13
169,148,8,205,9
170,156,10,209,7
171,161,8,247,23
172,171,7,251,21
173,179,11,254,17
174,182,9,258,21
175,195,14,273,5
176,194,7,276,19
177,165,13,240,18
178,152,8,224,17
179,140,6,215,17
180,176,6,250,14
181,166,6,211,2
182,181,10,294,34
183,183,9,241,13
184,194,7,259,13
185,194,11,248,9
186,169,8,235,14
187,152,9,203,5
188,157,8,206,14
189,178,8,216,5
190,151,7,213,15
191,152,8,209,12
192,187,9,301,35
193,150,7,218,12
194,191,8,319,41
195,179,10,251,16
196,179,10,253,17
197,164,4,252,23
198,164,7,237,17
199,144,7,187,7
200,144,5,210,18
201,167,7,246,18
202,194,8,268,17
203,181,9,258,19
204,143,7,204,14
205,191,6,278,18
206,190,12,279,27
207,158,7,221,10
208,168,3,270,29
209,183,9,303,29
210,146,6,206,11
211,152,6,228,20
212,187,8,306,35
213,187,7,280,27
214,141,9,186,8
215,180,11,211,6
216,162,10,201,7
217,170,7,237,18
218,184,6,244,18
219,177,8,238,11
220,195,10,300,22
221,199,12,280,13
222,190,10,248,11
223,192,8,254,17
224,170,7,231,14
225,146,10,192,9
226,186,6,279,22
227,179,20,215,4
228,200,8,285,16
229,183,6,270,16
230,175,7,259,23
231,202,13,308,29
232,182,4,247,14
233,191,8,253,9
234,192,14,278,24
235,184,8,248,15
236,191,10,292,23
237,160,7,241,16
238,181,10,283,25
239,180,10,260,15
240,163,9,219,13
241,175,11,247,15
242,192,11,274,24
243,162,8,219,7
244,175,9,259,23
245,153,9,190,4
246,165,7,224,13
247,156,8,191,3
248,171,11,242,16
249,157,11,255,15
250,190,21,327,39
251,157,12,244,19
252,198,9,349,38
253,144,7,304,47
254,171,12,302,40
255,162,11,314,44
256,193,10,372,50
257,191,13,301,24
258,157,11,297,38
259,155,8,279,33
260,175,8,302,36
261,152,15,245,18
262,161,16,285,32
263,183,9,324,37
264,184,8,318,42
265,180,11,356,52
266,189,9,348,39
267,156,12,291,43
268,151,7,269,31
269,178,9,276,25
270,157,10,246,27
271,171,14,221,6
272,153,6,271,32
273,185,10,353,48
274,186,21,305,27
275,178,13,317,33
276,171,10,327,48
277,158,8,307,47
278,165,9,300,37
279,146,10,262,31
280,181,9,302,27
281,156,13,231,25
282,158,7,280,37
283,157,7,250,20
284,160,12,249,27
285,146,13,208,12
286,183,7,255,21
287,180,8,331,44
288,169,10,258,22
289,176,13,258,18
290,173,10,314,48
291,159,6,348,58
292,177,8,379,71
293,182,7,361,58
294,180,13,281,22
295,199,24,288,9
296,200,21,282,18
297,169,13,269,27
298,168,11,312,40
299,157,9,292,41
300,176,12,310,36
301,152,11,268,35
302,169,13,269,25
303,167,8,279,36
304,172,8,340,61
305,189,13,296,37
306,167,7,323,53
307,140,10,234,21
308,148,12,258,33
309,178,15,294,29
310,156,14,230,10
311,169,11,301,35
312,144,11,223,22
313,190,11,307,31
314,155,14,281,34
315,167,13,330,44
316,162,12,279,35
317,194,10,336,38
318,161,6,313,45
319,171,8,248,16
320,165,11,347,47
321,192,15,321,35
322,155,7,309,40
323,173,12,289,29
324,164,8,335,47
325,187,11,355,49
326,187,15,329,38
327,171,9,295,31
328,180,7,337,51
329,184,10,322,41
330,179,9,310,36
331,155,6,307,49
332,193,17,344,45
333,185,9,385,64
334,188,20,273,14
335,164,14,269,31
336,160,9,289,32
337,154,6,276,33
338,182,15,233,7
339,165,9,326,42
340,198,10,372,56
341,169,11,324,44
342,152,8,224,21
343,143,8,271,36
344,188,10,361,54
345,143,8,268,30
346,165,12,322,44
347,170,7,367,58
348,177,11,282,28
349,183,12,294,31
350,147,8,254,31
351,146,9,248,29
352,154,9,251,28
353,149,15,279,37
354,155,9,386,71
355,174,13,323,44
356,172,17,300,38
357,192,11,313,39
358,195,13,317,26
359,175,10,275,21
360,155,8,267,28
361,148,13,248,20
362,158,10,256,26
363,193,11,372,55
364,147,5,233,23
365,162,6,291,41
366,154,15,218,12
367,160,15,259,14
368,173,12,299,36
369,157,8,298,44
370,159,7,263,27
371,187,11,310,28
372,152,7,284,41
373,180,14,284,19
374,160,17,238,22
375,169,7,353,58
376,154,13,263,24
377,201,23,301,21
378,181,10,302,34
379,166,9,283,39
380,166,10,275,30
381,186,12,337,46
382,166,8,266,27
383,167,8,342,63
384,194,13,352,43
385,160,7,292,36
386,184,10,332,38
387,140,8,226,24
388,161,7,264,22
389,142,11,229,23
390,181,16,297,22
391,182,14,360,42
392,147,15,253,32
393,141,9,257,33
394,153,6,297,56
395,191,18,295,26
396,135,13,215,23
397,173,16,237,10
398,170,13,298,35
399,187,7,321,40
400,176,11,292,34
401,186,11,332,39
402,166,9,283,37
403,162,10,243,24
404,173,6,322,45
405,168,20,262,17
406,165,9,326,49
407,154,7,250,26
408,196,12,326,37
409,147,9,268,26
410,186,10,290,29
411,182,9,335,43
412,172,10,302,30
413,182,12,247,12
414,194,14,330,34
415,150,15,259,38
416,147,10,262,39
417,180,9,287,27
418,175,8,372,65
419,181,9,325,43
420,192,8,365,54
421,160,14,261,26
422,175,9,348,49
423,180,10,380,60
424,153,9,259,26
425,141,6,264,41
426,154,10,297,43
427,166,15,325,46
428,142,12,242,26
429,176,7,350,48
430,170,8,276,26
431,180,8,298,26
432,141,13,239,31
433,146,9,239,26
434,176,11,276,28
435,184,10,283,25
436,201,8,349,41
437,157,6,272,34
438,176,8,301,39
439,198,18,301,22
440,165,9,275,32
441,144,9,222,19
442,196,13,299,23
443,189,9,343,45
444,151,8,255,21
445,189,8,317,30
446,176,11,305,36
447,172,10,272,21
448,167,13,254,16
449,197,15,267,11
450,159,12,248,24
451,185,8,324,39
452,165,9,242,17
453,147,10,228,13
454,148,10,224,21
455,146,7,251,28
456,146,11,259,31
457,173,16,286,29
458,162,8,266,30
459,167,14,272,24
460,147,8,239,21
461,174,10,343,47
462,160,7,284,31
463,144,10,218,20
464,162,9,249,23
465,184,11,285,17
466,162,9,331,55
467,158,8,299,40
468,165,9,328,51
469,135,10,206,13
470,177,11,258,18
471,185,11,296,26
472,186,11,303,34
473,180,12,271,16
474,154,8,246,22
475,171,10,282,25
476,197,12,296,29
477,153,9,242,18
478,140,7,248,31
479,160,7,317,46
480,156,9,251,15
481,144,8,266,38
482,162,8,285,40
483,145,8,262,36
484,168,8,288,33
485,193,10,301,28
486,191,11,338,44
487,152,12,237,22
488,149,10,297,49
489,146,5,275,42
490,176,7,334,49
491,173,17,301,34
492,162,8,270,27
493,154,7,381,65
494,145,8,276,39
495,180,9,316,34
496,178,11,309,36
497,162,8,285,36
498,165,9,322,46
499,167,9,346,57
500,150,6,309,43
501,137,7,251,33
502,142,8,258,34
503,182,11,287,24
504,175,10,315,45
505,185,13,300,31
506,174,11,321,46
507,193,14,271,15
508,150,15,224,17
509,136,7,262,36
510,195,11,307,23
511,143,13,204,11
512,172,16,279,27
513,188,10,335,44
514,193,10,336,41
515,181,12,354,55
516,187,14,306,33
517,167,8,294,41
518,187,11,268,17
519,156,17,253,25
520,139,10,240,33
521,153,7,271,29
522,173,14,315,44
523,170,9,302,33
524,180,10,338,44
525,145,7,219,22
526,192,18,282,12
527,140,9,237,24
528,174,12,334,47
529,193,12,261,13
530,197,19,348,38
531,145,13,229,21
532,143,9,248,25
533,144,13,251,25
534,159,11,263,24
535,156,7,273,30
536,153,8,259,23
537,156,14,294,35
538,188,16,311,28
539,165,10,289,28
540,164,10,315,47
541,195,11,329,37
542,184,11,320,46
543,191,14,269,20
544,148,7,270,35
545,161,17,246,21
546,163,7,288,35
547,191,16,292,22
548,149,11,280,39
549,145,7,316,53
550,180,13,252,16
551,149,12,234,25
552,176,11,342,52
553,179,11,267,23
554,160,10,256,29
555,156,8,310,45
556,176,9,274,20
557,170,13,312,43
558,181,9,324,38
559,140,13,213,15
560,149,17,215,13
561,200,10,315,33
562,177,11,335,53
563,179,13,253,18
564,196,15,274,11
565,200,17,279,18
566,155,11,217,10
567,185,9,297,31
568,175,10,270,22
569,183,9,307,34
570,177,9,298,31
571,148,10,298,43
572,184,14,320,35
573,149,8,239,26
574,164,5,324,48
575,188,8,301,29
576,184,11,358,54
577,145,8,241,33
578,148,9,319,60
579,154,7,303,50
580,187,9,327,36
581,150,16,222,10
582,162,8,302,42
583,154,10,274,35
584,196,12,319,24
585,143,12,221,16
586,201,19,377,49
587,171,12,273,33
588,178,11,316,39
589,149,7,250,25
590,172,14,274,16
591,177,15,292,36
592,164,9,264,26
593,140,8,260,35
594,172,16,284,30
595,155,9,312,50
596,195,9,341,38
597,178,10,298,35
598,197,10,323,33
599,175,9,340,45
600,165,7,335,44
601,175,8,277,33
602,170,12,257,19
603,144,9,300,50
604,143,12,271,37
605,159,12,237,12
606,156,8,293,39
607,195,22,311,27
608,178,16,298,36
609,172,9,329,47
610,183,10,348,46
611,161,10,273,31
612,199,8,290,25
613,173,9,347,51
614,142,12,250,34
615,160,14,281,42
616,179,9,274,26
617,176,13,322,42
618,147,7,237,22
619,176,10,337,39
620,145,10,295,46
621,153,10,253,23
622,166,11,302,36
623,161,12,272,36
624,159,9,298,38
625,187,11,316,37
626,195,15,319,32
627,191,11,307,34
628,169,19,298,28
629,192,11,304,28
630,177,7,288,31
631,192,10,338,38
632,191,12,292,18
633,178,15,299,40
634,142,9,201,10
635,182,12,317,37
636,164,8,276,26
637,193,14,273,14
638,197,11,315,25
639,162,8,253,20
640,198,16,324,35
641,155,8,272,38
642,154,7,291,37
643,163,12,263,23
644,199,7,308,24
645,152,8,243,25
646,162,8,239,17
647,190,19,304,17
648,194,12,356,47
649,185,8,317,38
650,161,8,250,16
651,173,9,306,39
652,174,11,296,29
653,142,14,241,28
654,186,7,321,40
655,152,9,270,34
656,165,10,258,22
657,181,13,317,35
658,152,9,279,32
659,146,9,224,18
660,188,8,312,36
661,181,8,259,14
662,193,18,252,11
663,179,12,310,36
664,172,13,275,26
665,159,9,244,21
666,184,11,300,33
667,167,10,318,52
668,187,14,305,28
669,141,9,212,13
670,197,9,305,21
671,189,12,310,32
672,185,11,285,18
673,150,21,201,8
674,198,9,326,30
675,193,8,354,39
676,196,16,284,19
677,185,16,299,34
678,192,9,315,33
679,179,8,268,23
680,150,18,221,15
681,176,9,266,20
682,180,8,276,21
683,182,9,321,32
684,181,5,309,25
685,196,12,305,29
686,139,7,206,22
687,189,10,308,33
688,170,10,266,23
689,195,12,309,21
690,190,11,304,32
691,181,12,306,31
692,141,7,194,10
693,184,10,291,31
694,198,9,317,32
695,192,13,351,47
696,194,12,327,28
697,197,10,309,32
698,200,10,280,14
699,163,12,275,32
700,196,9,317,40
701,180,11,254,17
702,151,9,254,27
703,167,10,288,31
704,179,9,299,32
705,180,11,303,30
706,174,8,274,30
707,171,18,261,24
708,174,11,285,24
709,192,9,336,39
710,177,13,330,51
711,176,14,265,20
712,170,24,218,9
713,156,12,207,10
714,149,13,210,11
715,185,35,276,22
716,179,9,288,28
717,180,10,292,22
718,153,14,205,14
719,192,21,261,10
720,191,15,276,19
721,152,10,251,21
722,189,15,302,29
723,151,11,286,31
724,181,11,298,30
725,194,14,297,17
726,155,9,278,36
727,138,7,262,36
728,183,9,274,21
729,197,27,303,22
730,177,13,314,38
731,158,15,245,20
732,167,13,281,34
733,185,11,302,34
734,159,9,275,39
735,188,10,317,34
736,148,10,229,22
737,159,9,266,30
738,149,7,209,13
739,186,10,374,64
740,168,10,271,31
741,185,10,320,43
742,182,9,274,27
743,193,19,254,13
744,163,12,279,25
745,146,9,229,18
746,201,16,332,33
747,175,10,275,32
748,164,13,250,21
749,141,12,221,20
750,181,13,294,31
751,162,13,255,21
752,180,11,288,24
753,195,12,331,39
754,192,12,309,30
755,201,23,284,17
756,142,15,200,10
757,177,16,289,29
758,154,8,237,16
759,181,7,324,45
760,140,9,249,36
761,196,18,255,6
762,179,8,280,20
763,172,9,284,28
764,140,9,211,13
765,146,14,241,32
766,195,10,289,20
767,195,10,327,35
768,193,15,324,38
769,171,10,324,44
770,162,10,280,30
771,165,12,260,24
772,180,7,298,30
773,195,10,284,19
774,180,10,292,29
775,198,13,351,37
776,197,9,319,30
777,183,17,253,14
778,140,16,237,35
779,159,11,325,52
780,176,10,304,32
781,140,18,184,5
782,185,15,251,12
783,151,17,235,20
784,159,13,234,16
785,171,9,274,22
786,169,12,267,22
787,135,7,203,19
788,191,15,274,24
789,154,7,259,28
790,143,7,213,18
791,172,10,294,32
792,179,16,233,9
793,167,7,261,27
794,173,12,292,30
795,166,8,286,37
796,143,10,252,27
797,185,11,312,33
798,156,12,312,49
799,176,11,295,33
800,189,13,309,34
801,196,20,302,33
802,192,23,269,10
803,153,13,214,14
804,151,11,269,35
805,166,10,281,28
806,193,29,268,11
807,182,17,270,15
808,192,21,249,6
809,153,11,206,6
810,186,21,258,9
811,156,8,250,24
812,171,10,280,30
813,153,18,216,17
814,142,10,240,27
815,190,11,339,47
816,177,12,274,26
817,175,8,255,19
818,189,8,304,31
819,171,10,331,46
820,145,13,253,27
821,157,10,301,41
822,191,17,268,15
823,143,11,215,12
824,144,10,248,31
825,180,19,257,13
826,198,19,303,26
827,196,14,276,16
828,178,13,299,32
829,186,9,294,29
830,158,8,237,24
831,193,11,340,42
832,198,21,277,21
833,172,19,261,13
834,156,17,231,13
835,199,23,260,9
836,169,16,219,5
837,175,13,230,11
838,163,9,249,20
839,190,15,258,15
840,140,9,225,22
841,164,16,238,16
842,151,8,257,23
843,155,18,233,21
844,193,9,307,34
845,184,6,269,23
846,150,19,224,13
847,151,7,234,21
848,189,9,304,31
849,192,9,347,49
850,157,12,302,41
851,172,10,301,45
852,200,12,327,30
853,176,5,345,52
854,183,19,258,24
855,140,9,215,18
856,199,14,354,39
857,172,9,339,48
858,162,29,186,0
859,174,27,243,23
860,153,21,193,3
861,170,28,204,4
862,196,10,284,20
863,190,20,234,3
864,190,11,261,19
865,168,11,288,38
866,187,11,265,16
867,173,12,289,28
868,161,12,253,23
869,196,15,307,31
870,190,10,304,29
871,154,9,254,26
872,184,19,265,17
873,173,9,253,23
874,189,7,285,26
875,189,9,259,15
876,176,7,272,25
877,175,16,236,10
878,167,16,233,7
879,198,10,343,38
880,199,9,312,25
881,199,17,281,18
882,179,7,276,21
883,193,10,323,34
884,176,9,263,17
885,192,8,285,29
886,169,9,288,35
887,198,8,270,12
888,183,10,294,27
889,188,13,280,22
890,200,12,381,57
891,166,8,320,52
892,200,14,310,26
893,200,6,286,23
894,150,17,228,20
895,176,18,245,12
896,172,16,239,14
897,200,9,336,35
898,153,8,275,32
899,183,8,334,50
900,198,13,350,44
901,185,14,310,36
902,200,12,369,53
903,183,10,302,27
904,183,15,272,20
905,198,12,337,43
906,167,7,331,50
907,190,8,310,26
908,205,11,288,21
909,153,10,260,31
910,179,9,330,46
911,180,9,261,20
912,198,12,307,27
913,193,14,255,10
914,199,11,308,33
915,185,10,244,12
916,189,17,279,19
917,195,16,270,6
918,195,13,380,55
919,174,10,253,20
920,167,19,234,10
921,153,6,267,36
922,168,22,229,10
923,177,11,244,12
924,199,29,282,13
925,179,16,247,12
926,188,8,277,21
927,186,23,256,6
928,200,17,285,19
929,141,25,189,13
930,161,11,248,21
931,198,22,282,13
932,168,22,231,15
933,186,18,249,19
934,191,19,236,3
935,191,8,334,36
936,195,8,352,46
937,191,11,299,27
938,162,15,209,8
939,182,11,340,50
940,182,13,311,35
941,191,21,290,25
942,183,10,325,39
943,200,22,281,11
944,155,6,245,23
945,196,14,303,23
946,176,13,243,15
947,170,21,226,13
948,193,10,306,29
949,170,23,315,39
950,177,14,294,34
951,146,13,230,25
952,178,15,302,37
953,167,14,307,38
954,192,13,315,34
955,184,13,278,23
956,167,13,300,36
957,196,15,333,39
958,197,16,325,32
959,190,13,286,19
960,178,16,248,13
961,193,10,317,38
962,187,23,269,18
963,154,16,206,8
964,193,21,249,15
965,184,15,315,44
966,159,8,242,16
967,151,8,237,22
968,172,25,253,16
969,173,15,275,27
970,171,13,285,28
971,190,10,299,32
972,196,14,296,28
973,182,10,286,33
974,159,16,222,19
975,181,16,247,17
976,198,10,342,41
977,168,21,235,9
978,177,12,326,44
979,145,16,199,11
980,158,16,210,8
981,165,13,233,16
982,179,25,237,10
983,195,24,296,26
984,202,23,292,14
985,177,15,220,11
986,198,25,271,5
987,166,11,264,25
988,191,20,266,16
989,171,16,242,13
990,149,13,169,3
991,194,28,263,6
992,179,11,311,31
993,185,20,251,7
994,159,24,198,6
995,161,11,229,14
996,167,14,236,13
997,163,9,234,17
998,200,7,324,33
999,153,9,243,21
1000,194,22,255,12
1001,191,22,259,6
1002,192,33,248,10
1003,198,15,253,9
1004,190,24,234,6
1005,153,18,196,8
1006,155,15,222,13
1007,147,20,185,3
1008,180,12,324,42
1009,185,20,274,15
1010,190,22,276,21
1011,189,22,245,11
1012,185,25,245,12
1013,196,29,289,13
1014,156,19,198,6
1015,170,17,229,11
1016,169,21,241,15
1017,198,19,270,12
1018,198,11,295,25
1019,199,9,352,43
1020,185,11,332,41
1021,179,11,271,20
1022,183,20,269,16
1023,154,7,262,28
1024,188,11,293,22
1025,152,18,190,5
1026,140,18,184,5
1027,193,18,267,21
1028,191,16,264,9
1029,199,16,268,4
1030,193,13,277,13
1031,166,13,238,12
1032,194,16,258,11
1033,183,12,302,34
1034,180,10,274,22
1035,198,15,274,16
1036,192,12,274,16
1037,180,17,254,23
1038,200,25,257,6
1039,143,19,196,4
1040,176,25,228,9
1041,188,10,327,39
1042,172,16,230,13
1043,200,14,285,25
1044,173,9,319,41
1045,165,17,243,12
1046,177,17,262,20
1047,154,19,222,10
1048,200,22,260,11
1049,194,17,270,19
1050,195,18,267,12
1051,200,16,281,17
1052,183,12,243,10
1053,172,18,248,14
1054,155,13,211,7
1055,163,10,267,34
1056,193,17,266,10
1057,193,20,238,5
1058,197,21,266,10
1059,197,15,263,15
1060,153,15,215,14
1061,169,6,269,25
1062,190,19,252,18
1063,187,19,265,19
1064,200,19,255,8
1065,199,20,294,30
1066,195,21,295,20
1067,195,17,275,16
1068,197,11,241,5
1069,161,21,260,20
1070,151,18,196,10
1071,191,20,252,9
1072,178,14,233,8
1073,191,14,289,24
1074,177,10,267,28
1075,188,22,217,4
1076,167,12,249,19
1077,152,10,290,38
1078,157,10,278,29
1079,156,10,299,39
1080,152,7,229,16
1081,161,7,312,45
1082,182,12,238,10
1083,179,12,271,22
1084,160,16,201,3
1085,166,7,288,35
1086,194,25,239,6
1087,190,11,266,17
1088,146,25,187,2
1089,192,11,306,27
1090,149,11,269,30
1091,192,10,291,28
1092,181,16,242,10
1093,154,11,211,6
1094,165,21,291,39
1095,201,18,323,34
1096,172,12,232,16
1097,197,11,305,26
1098,190,14,386,65
1099,146,12,212,20
1100,197,8,294,20
1101,168,9,230,14
1102,184,11,286,28
1103,168,6,243,23
1104,177,10,237,9
1105,181,8,307,41
1106,167,8,216,6
1107,184,9,315,42
1108,177,7,260,20
1109,155,15,249,26
1110,186,14,273,19
1111,194,15,287,23
1112,181,12,262,17
1113,194,11,310,28
1114,195,6,335,38
1115,171,8,337,47
1116,176,7,266,21
1117,196,9,332,37
1118,165,10,251,18
1119,183,26,263,19
1120,178,13,244,10
1121,156,10,255,21
1122,192,12,299,29
1123,147,9,180,3
1124,190,7,274,20
1125,166,8,278,33
1126,190,8,317,35
1127,194,16,252,3
1128,195,10,317,33
1129,173,13,253,16
1130,188,11,320,35
1131,162,10,241,16
1132,181,14,284,24
1133,192,14,256,10
1134,200,11,328,35
1135,161,9,273,33
1136,193,8,271,11
1137,171,16,241,15
1138,166,8,244,16
1139,144,6,211,14
1140,197,6,293,18
1141,168,9,233,11
1142,193,8,295,24
1143,188,8,278,21
1144,180,8,235,10
1145,200,15,292,21
1146,157,26,211,9
1147,165,10,232,21
1148,193,11,258,10
1149,198,10,258,12
1150,152,10,199,12
1151,199,11,260,8
1152,196,11,282,15
1153,176,12,257,22
1154,195,17,264,16
1155,178,7,261,19
1156,174,10,226,9
1157,153,9,231,19
1158,153,6,262,31
1159,175,12,261,19
1160,187,6,318,42
1161,148,7,238,30
1162,163,7,216,11
1163,159,9,273,40
1164,170,12,237,11
1165,169,13,229,14
1166,200,8,328,32
1167,186,3,345,48
1168,199,11,304,29
1169,179,11,255,12
1170,191,14,294,20
1171,172,7,219,10
1172,192,13,273,18
1173,194,13,306,32
1174,181,8,300,33
1175,178,8,248,13
1176,185,16,263,13
1177,191,13,259,9
1178,148,10,235,25
1179,186,15,230,9
1180,170,6,227,10
1181,156,8,249,29
1182,149,6,232,22
1183,184,9,281,24
1184,193,9,296,22
1185,173,8,255,22
1186,156,7,235,22
1187,155,9,242,19
1188,190,10,268,19
1189,173,6,250,22
1190,172,7,283,34
1191,185,10,278,20
1192,194,13,289,28
1193,156,7,258,30
1194,187,13,280,25
1195,186,11,291,26
1196,171,11,241,20
1197,190,11,358,51
1198,179,7,296,38
1199,191,11,321,36
1200,170,12,318,43
1201,166,7,277,30
1202,186,7,300,29
1203,146,7,232,25
1204,200,7,361,52
1205,182,11,290,24
1206,175,12,313,38
1207,197,9,351,43
1208,188,9,269,19
1209,172,8,289,37
1210,145,6,206,9
1211,176,12,239,8
1212,167,10,239,16
1213,183,12,254,14
1214,185,7,271,19
1215,170,6,243,16
1216,187,9,280,28
1217,182,10,308,35
1218,177,13,291,35
1219,168,7,266,24
1220,178,4,252,14
1221,168,7,233,16
1222,150,8,219,18
1223,178,10,271,27
1224,167,4,238,17
1225,199,8,266,14
1226,174,7,229,14
1227,200,6,258,11
1228,172,4,216,5
1229,175,7,224,10
1230,164,7,225,11
1231,177,7,227,6
1232,198,7,262,7
1233,195,8,240,10
1234,192,9,226,1
1235,150,8,229,14
1236,159,9,223,12
1237,183,5,228,9
1238,177,5,265,28
1239,194,8,286,24
1240,144,7,193,9
1241,154,7,218,13
1242,185,12,280,24
1243,152,6,228,15
1244,182,15,230,4
1245,144,5,230,23
1246,160,9,241,18
1247,195,10,295,28
1248,173,9,276,26
1249,197,9,309,31
1250,191,6,301,31
1251,193,3,322,35
1252,157,7,227,15
1253,180,6,258,21
1254,168,6,236,12
1255,161,7,224,15
1256,154,5,234,20
1257,195,7,284,19
1258,155,9,207,8
1259,183,15,251,18
1260,176,9,291,33
1261,193,13,270,16
1262,193,6,314,38
1263,159,7,239,20
1264,174,11,243,15
1265,156,9,235,13
1266,148,8,224,19
1267,189,9,283,24
1268,193,8,266,16
1269,186,9,265,23
1270,200,11,309,28
1271,171,8,296,37
1272,197,13,268,12
1273,178,10,245,9
1274,150,7,224,24
1275,147,12,209,15
1276,195,13,347,52
1277,193,6,291,23
1278,192,5,307,34
1279,192,6,310,30
1280,151,5,226,22
1281,165,7,299,37
1282,177,12,250,18
1283,168,7,259,25
1284,145,9,207,14
1285,164,7,241,20
1286,199,10,366,49
1287,163,12,330,50
1288,157,8,278,34
1289,161,5,261,28
1290,173,11,294,31
1291,173,8,280,28
1292,194,7,307,27
1293,179,6,249,6
1294,164,6,283,33
1295,190,10,324,35
1296,142,6,229,17
1297,156,10,213,10
1298,181,7,282,24
1299,187,8,318,39
1300,154,6,227,18
1301,195,10,296,30
1302,179,10,271,25
1303,191,7,277,20
1304,187,10,308,30
1305,150,9,277,39
1306,157,11,233,20
1307,175,9,272,25
1308,199,8,324,36
1309,155,6,228,21
1310,171,6,252,20
1311,157,6,267,31
1312,171,6,254,14
1313,181,10,278,27
1314,188,8,329,42
1315,190,6,281,20
1316,162,8,262,32
1317,187,9,317,33
1318,151,7,234,22
1319,181,3,267,21
1320,176,8,306,37
1321,145,13,221,21
1322,182,12,281,30
1323,186,13,332,43
1324,194,13,331,43
1325,177,21,248,18
1326,174,14,248,22
1327,192,13,282,25
1328,185,12,240,12
1329,161,13,243,20
1330,198,10,318,36
1331,191,11,247,7
1332,189,9,276,18
1333,161,8,249,22
1334,158,6,259,26
1335,189,9,244,9
1336,154,7,247,24
1337,151,9,255,26
1338,144,6,234,27
1339,190,18,340,47
1340,173,5,288,32
1341,173,7,302,38
1342,189,5,303,31
1343,148,6,248,36
1344,186,10,293,29
1345,180,15,314,35
1346,189,10,340,43
1347,200,11,362,53
1348,174,7,256,16
1349,146,6,238,25
1350,189,7,348,45
1351,177,7,304,40
1352,141,8,227,18
1353,199,9,320,29
1354,185,11,299,30
1355,185,7,298,29
1356,146,4,209,16
1357,190,8,288,26
1358,157,5,248,25
1359,163,7,240,19
1360,179,9,282,27
1361,171,8,246,20
1362,180,9,301,32
1363,149,5,240,30
1364,179,8,255,17
1365,199,5,281,19
1366,184,15,299,34
1367,169,6,269,29
1368,150,9,256,28
1369,145,5,232,25
1370,170,11,273,26
1371,171,7,295,37
1372,165,15,281,28
1373,196,12,288,19
1374,193,7,340,41
1375,182,15,245,10
1376,188,5,318,39
1377,190,10,320,38
1378,172,12,270,24
1379,198,13,317,36
1380,152,6,185,5
1381,181,17,216,2
1382,166,5,287,33
1383,167,7,282,28
1384,188,24,277,20
1385,171,9,255,23
1386,174,13,259,19
1387,170,6,253,17
1388,178,8,267,25
1389,200,14,262,10
1390,188,7,313,39
1391,170,5,223,10
1392,186,10,317,38
1393,192,9,298,34
1394,170,12,246,22
1395,188,10,313,30
1396,140,8,220,25
1397,160,7,239,13
1398,182,11,268,20
1399,174,10,275,25
1400,186,9,294,27
1401,179,8,271,26
1402,189,11,296,27
1403,179,7,279,22
1404,158,7,243,25
1405,171,14,262,28
1406,195,6,265,16
1407,143,9,186,9
1408,195,12,304,27
1409,197,9,238,3
1410,184,11,264,18
1411,177,9,281,25
1412,199,8,280,18
1413,171,12,233,7
1414,160,7,198,11
1415,142,13,196,14
1416,189,10,264,11
1417,158,7,219,14
1418,163,9,239,18
1419,179,10,260,14
1420,148,5,189,6
1421,177,5,246,13
1422,173,11,243,17
1423,160,7,243,25
1424,180,5,324,44
1425,175,9,289,29
1426,190,10,288,21
1427,161,5,231,14
1428,161,8,224,14
1429,197,13,298,25
1430,200,10,291,19
1431,164,11,240,15
1432,176,12,247,19
1433,190,6,284,22
1434,189,12,296,31
1435,153,11,213,14
1436,164,14,286,35
1437,189,7,228,3
1438,185,8,298,29
1439,195,11,281,21
1440,161,10,235,21
1441,174,11,212,6
1442,196,10,259,9
1443,200,12,249,6
1444,194,14,258,8
1445,167,9,268,28
1446,150,8,204,13
1447,197,6,273,12
1448,182,6,287,28
1449,191,6,316,31
1450,169,7,257,18
1451,167,10,240,17
1452,152,7,235,25
1453,193,13,271,19
1454,159,7,250,21
1455,199,15,241,3
1456,193,16,280,14
1457,148,7,214,14
1458,196,13,264,12
1459,180,18,303,34
1460,156,7,202,8
1461,191,8,264,13
1462,200,8,262,10
1463,158,6,240,19
1464,154,9,242,26
1465,195,14,289,23
1466,199,9,305,28
1467,199,16,263,9
1468,190,9,243,6
1469,191,4,303,33
1470,174,10,272,28
1471,149,7,213,16
1472,188,13,301,28
1473,200,15,305,29
1474,195,11,287,23
1475,179,10,249,13
1476,175,8,271,23
1477,198,6,306,20
1478,188,8,282,22
1479,191,9,275,18
1480,174,11,260,18
1481,190,11,284,19
1482,181,7,280,27
1483,179,8,313,44
1484,154,12,222,15
1485,185,8,269,19
1486,197,8,262,18
1487,176,8,327,46
1488,198,8,323,34
1489,159,5,232,11
1490,196,9,303,29
1491,177,9,277,26
1492,196,6,295,29
1493,169,9,250,15
1494,145,9,225,22
1495,169,6,250,16
1496,195,13,312,29
1497,179,7,271,27
1498,198,7,316,32
1499,179,9,252,18
1500,183,10,257,10
1501,174,8,284,30
1502,173,8,237,11
1503,182,9,263,19
1504,196,10,280,16
1505,164,7,242,17
1506,179,9,264,22
1507,165,6,249,21
1508,146,7,223,16
1509,179,11,232,6
1510,199,8,316,33
1511,156,7,232,16
1512,187,12,273,21
1513,195,9,280,24
1514,172,8,250,21
1515,195,6,275,16
1516,156,8,231,14
1517,151,9,223,13
1518,196,8,315,34
1519,191,9,282,21
1520,151,9,227,18
1521,174,7,234,6
1522,177,11,260,14
1523,150,8,233,25
1524,168,8,244,18
1525,180,12,272,20
1526,179,13,254,14
1527,141,8,187,6
1528,165,7,239,20
1529,192,7,285,22
1530,143,5,207,17
1531,180,13,228,5
1532,190,26,229,1
1533,172,9,279,29
1534,194,11,290,23
1535,189,7,270,16
1536,182,10,241,11
1537,195,8,236,4
1538,163,6,234,18
1539,144,8,228,23
1540,190,3,299,35
1541,197,13,266,9
1542,188,7,312,42
1543,189,8,296,27
1544,163,9,231,12
1545,173,10,252,18
1546,163,4,226,14
1547,187,7,250,8
1548,193,11,292,21
1549,171,11,235,15
1550,188,15,260,15
1551,152,13,214,16
1552,170,7,242,20
1553,174,10,273,22
1554,183,9,269,20
1555,181,10,231,4
1556,171,6,241,16
1557,186,7,310,34
1558,179,7,271,22
1559,153,7,216,14
1560,159,8,255,25
1561,203,6,313,27
1562,195,10,296,18
1563,192,6,277,16
1564,175,7,241,15
1565,146,3,232,21
1566,160,10,243,18
1567,161,9,252,26
1568,193,7,314,29
1569,166,6,250,23
1570,191,11,282,23
1571,164,6,243,18
1572,193,8,269,15
1573,194,8,271,10
1574,168,8,258,22
1575,197,10,243,0
1576,192,16,274,14
1577,198,7,293,23
1578,153,6,260,32
1579,142,10,227,19
1580,186,14,276,22
1581,192,13,302,30
1582,170,14,258,19
1583,193,10,243,9
1584,194,9,257,14
1585,197,14,237,2
1586,192,12,268,12
1587,200,13,262,7
1588,179,10,262,22
1589,196,10,301,29
1590,175,8,257,18
1591,188,9,236,5
1592,189,7,305,30
1593,180,9,232,7
1594,181,13,255,18
1595,150,9,214,15
1596,150,6,257,28
1597,189,4,314,31
1598,161,7,201,5
1599,182,11,263,16
1600,184,12,301,36
1601,178,9,252,18
1602,179,7,260,22
1603,169,12,263,18
1604,195,10,284,20
1605,186,8,255,12
1606,178,6,274,24
1607,187,9,285,27
1608,199,11,255,7
1609,181,9,273,23
1610,190,5,331,41
1611,178,8,303,32
1612,170,9,264,23
1613,189,9,271,18
1614,194,7,272,20
1615,200,9,356,51
1616,164,7,282,33
1617,190,5,295,22
1618,161,5,293,44
1619,193,6,335,44
1620,181,7,314,40
1621,198,18,330,37
1622,165,12,280,29
1623,186,5,301,27
1624,148,4,216,20
1625,162,10,247,20
1626,200,10,313,30
1627,185,10,252,16
1628,185,11,320,34
1629,179,10,288,40
1630,199,7,356,44
1631,176,8,311,31
1632,179,4,321,42
1633,180,13,296,32
1634,196,7,300,24
1635,187,10,285,26
1636,203,6,360,48
1637,181,24,253,17
1638,178,13,273,21
1639,185,8,283,30
1640,198,14,358,51
1641,188,12,290,31
1642,198,6,310,29
1643,189,7,309,31
1644,180,9,238,10
1645,180,11,310,43
1646,193,7,316,30
1647,188,10,343,42
1648,165,8,262,26
1649,161,9,248,22
1650,183,16,287,30
1651,150,6,228,21
1652,173,6,255,16
1653,158,8,222,11
1654,150,5,228,22
1655,176,10,274,23
1656,186,10,297,28
1657,196,12,347,48
1658,190,14,272,18
1659,158,4,246,23
1660,159,6,258,28
1661,198,12,296,23
1662,158,9,242,17
1663,183,8,294,31
1664,193,13,300,28
1665,184,12,281,26
1666,197,13,323,32
1667,155,7,257,31
1668,156,8,262,27
1669,200,10,293,25
1670,177,13,291,28
1671,162,6,246,18
1672,157,8,282,38
1673,144,7,263,33
1674,164,7,301,44
1675,185,6,304,32
1676,171,8,273,23
1677,184,7,291,27
1678,163,6,262,29
1679,194,7,282,24
1680,177,9,277,24
1681,141,7,223,25
1682,159,7,246,30
1683,197,9,364,48
1684,186,10,290,27
1685,173,10,258,19
1686,150,5,253,26
1687,147,6,258,37
1688,199,10,328,32
1689,172,8,256,23
1690,167,14,246,23
1691,190,9,291,24
1692,141,9,261,31
1693,183,6,289,20
1694,171,7,295,40
1695,147,11,274,44
1696,190,10,311,38
1697,183,9,327,47
1698,175,9,259,18
1699,199,21,299,24
1700,159,12,250,24
1701,198,8,329,31
1702,183,6,297,34
1703,165,6,281,30
1704,142,6,251,29
1705,177,8,312,33
1706,143,7,229,16
1707,152,7,272,39
1708,192,11,309,29
1709,188,10,301,32
1710,179,8,271,25
1711,188,8,292,35
1712,171,9,255,21
1713,193,9,319,39
1714,169,5,270,27
1715,187,5,321,39
1716,197,9,314,30
1717,202,8,297,21
1718,193,5,294,21
1719,169,7,299,39
1720,188,9,305,38
1721,172,11,266,25
1722,188,9,298,30
1723,192,10,282,24
1724,184,7,281,25
1725,198,6,320,36
1726,196,10,333,38
1727,177,6,293,34
1728,196,8,309,23
1729,194,12,297,26
1730,195,11,278,21
1731,163,8,281,32
1732,163,4,238,14
1733,186,9,279,25
1734,184,13,280,24
1735,167,8,256,19
1736,194,10,360,55
1737,181,11,291,28
1738,171,10,296,37
1739,171,12,273,28
1740,188,7,353,55
1741,200,4,318,32
1742,159,6,296,40
1743,171,8,262,23
1744,157,8,259,32
1745,166,8,270,30
1746,188,6,270,21
1747,152,10,231,17
1748,164,14,279,31
1749,176,7,314,41
1750,197,7,357,45
1751,166,8,285,34
1752,184,8,352,46
1753,180,7,280,30
1754,194,9,358,47
1755,198,9,292,23
1756,188,5,285,25
1757,192,9,317,35
1758,194,10,339,42
1759,179,7,300,36
1760,170,5,274,27
1761,199,9,308,32
1762,156,13,239,21
1763,183,6,276,21
1764,198,9,284,20
1765,183,8,305,33
1766,143,8,239,26
1767,192,13,321,41
1768,192,15,337,42
1769,150,10,269,36
1770,183,17,300,31
1771,203,6,327,38
1772,157,7,238,19
1773,198,9,280,10
1774,197,11,338,46
1775,177,9,272,26
1776,157,6,240,22
1777,144,9,197,6
1778,186,16,231,3
1779,163,8,234,14
1780,150,11,205,5
1781,178,14,241,6
1782,184,12,241,9
1783,166,7,216,8
1784,152,10,215,14
1785,171,9,222,9
1786,168,11,215,5
1787,173,12,242,15
1788,199,16,345,37
1789,149,7,225,19
1790,195,8,352,50
1791,156,9,211,5
1792,187,10,244,10
1793,161,9,256,25
1794,197,9,250,7
1795,187,8,232,4
1796,147,12,204,4
1797,145,11,232,21
1798,157,14,206,5
1799,184,10,252,17
1800,179,7,279,28
1801,140,10,176,7
1802,150,11,197,4
1803,141,17,169,5
1804,184,16,340,48
1805,198,9,314,30
1806,158,14,211,12
1807,174,8,306,43
1808,184,14,226,4
1809,161,6,200,4
1810,165,14,211,7
1811,186,7,317,38
1812,148,6,196,10
1813,149,10,184,2
1814,191,12,250,7
1815,160,9,204,6
1816,152,11,203,5
1817,178,9,279,27
1818,191,6,314,34
1819,189,11,226,5
1820,185,13,229,6
1821,166,11,227,11
1822,144,8,234,28
1823,170,8,279,34
1824,194,10,338,37
1825,197,10,307,24
1826,196,9,327,34
1827,185,11,287,30
1828,191,8,328,36
1829,186,10,324,32
1830,189,7,275,17
1831,171,9,248,14
1832,151,8,229,18
1833,196,12,258,7
1834,169,4,303,37
1835,194,11,307,32
1836,140,15,192,10
1837,149,8,255,26
1838,181,7,291,24
1839,178,10,299,26
1840,199,16,326,37
1841,189,7,298,27
1842,184,14,359,57
1843,155,7,259,28
1844,199,6,310,27
1845,182,6,308,33
1846,152,11,249,26
1847,158,12,252,24
1848,153,7,239,22
1849,169,8,305,43
1850,163,10,322,46
1851,180,6,270,26
1852,174,9,277,25
1853,161,12,264,29
1854,192,15,227,5
1855,168,7,219,9
1856,198,6,294,28
1857,171,7,239,18
1858,188,7,280,28
1859,176,7,246,17
1860,165,8,214,4
1861,196,12,241,3
1862,197,6,320,31
1863,179,8,274,26
1864,173,10,224,3
1865,152,9,207,11
1866,194,13,265,8
1867,202,10,328,38
1868,153,8,231,23
1869,196,8,301,26
1870,146,8,209,16
1871,177,10,276,30
1872,147,11,240,30
1873,166,19,216,8
1874,142,6,172,2
1875,181,6,278,26
1876,168,5,240,13
1877,190,9,252,11
1878,166,8,262,25
1879,153,9,193,4
1880,191,19,249,7
1881,141,7,199,14
1882,156,5,234,21
1883,171,6,213,7
1884,161,8,231,16
1885,160,6,246,28
1886,177,9,263,16
1887,186,8,248,9
1888,143,4,193,7
1889,184,11,242,14
1890,190,12,265,18
1891,144,8,224,19
1892,153,11,191,1
1893,157,9,202,7
1894,157,5,226,11
1895,165,9,208,5
1896,154,7,217,13
1897,179,8,263,20
1898,169,7,230,8
1899,156,8,203,6
1900,156,6,222,11
1901,172,10,243,10
1902,178,8,252,11
1903,152,10,216,14
1904,153,5,210,8
1905,165,9,234,14
1906,160,5,229,10
1907,153,3,216,13
1908,166,8,216,9
1909,189,7,285,24
1910,198,7,320,38
1911,158,9,210,10
1912,163,7,212,7
1913,161,10,220,9
1914,177,10,216,1
1915,149,7,240,25
1916,181,12,240,8
1917,141,13,168,3
1918,168,10,197,5
1919,194,8,274,17
1920,182,11,218,4
1921,180,11,218,5
1922,162,6,207,7
1923,162,6,228,13
1924,165,13,220,8
1925,152,11,195,6
1926,180,7,237,14
1927,178,7,244,12
1928,165,9,217,8
1929,197,19,272,14
1930,146,8,188,6
1931,180,26,244,11
1932,161,10,227,16
1933,169,7,217,6
1934,183,4,226,7
1935,146,8,186,5
1936,156,9,219,13
1937,199,8,255,8
1938,146,10,174,3
1939,192,12,280,14
1940,159,8,215,9
1941,154,4,187,3
1942,143,9,188,4
1943,185,9,250,15
1944,180,7,240,9
1945,187,7,248,10
1946,156,8,197,5
1947,183,14,266,16
1948,175,12,227,6
1949,163,7,201,5
1950,148,9,200,8
1951,183,10,257,14
1952,160,6,212,3
1953,162,7,228,13
1954,154,8,236,19
1955,163,9,210,9
1956,156,9,216,5
1957,164,6,216,12
1958,152,9,196,7
1959,173,7,241,9
1960,181,12,249,10
1961,144,9,194,9
1962,158,7,217,6
1963,176,10,211,3
1964,166,7,225,12
1965,163,9,244,15
1966,149,8,191,8
1967,166,6,203,3
1968,188,14,239,9
1969,188,10,249,11
1970,155,10,211,13
1971,163,9,220,13
1972,180,7,240,10
1973,171,8,222,4
1974,148,12,163,0
1975,144,6,159,0
1976,186,11,274,20
1977,141,10,191,10
1978,185,17,242,7
1979,145,13,193,5
1980,172,13,201,1
1981,148,9,203,11
1982,180,11,238,10
1983,177,9,226,11
1984,173,5,226,10
1985,170,7,198,3
1986,196,11,281,21
1987,152,9,228,14
1988,169,11,210,4
1989,155,6,197,9
1990,189,9,255,5
1991,187,8,265,12
1992,190,9,244,9
1993,173,8,209,5
1994,196,8,262,9
1995,190,8,243,4
1996,154,7,208,8
1997,165,8,211,9
1998,169,12,241,16
1999,188,10,241,5
2000,161,9,200,4
2001,186,7,231,4
2002,187,9,225,5
2003,150,5,190,4
2004,183,8,237,8
2005,166,16,234,9
2006,200,11,257,5
2007,182,14,234,10
2008,143,11,182,6
2009,184,9,233,10
2010,171,10,233,15
2011,155,8,197,5
2012,178,17,215,4
2013,150,11,211,5
2014,187,8,244,10
2015,154,11,206,10
2016,194,14,248,8
2017,160,8,219,7
2018,191,11,240,4
2019,151,6,193,5
2020,157,7,231,16
2021,177,8,234,6
2022,183,14,230,4
2023,157,6,206,6
2024,159,9,219,12
2025,171,12,237,15
2026,191,10,251,7
2027,144,9,201,7
2028,173,12,237,6
2029,171,12,213,5
2030,148,10,181,3
2031,174,10,229,6
2032,170,10,216,4
2033,149,8,201,3
2034,176,9,230,5
2035,177,12,226,6
2036,153,7,194,2
2037,187,11,241,7
2038,140,8,184,4
2039,160,9,201,8
2040,163,12,217,7
2041,156,9,220,10
2042,177,16,223,8
2043,188,8,255,8
2044,154,10,190,6
2045,144,10,199,10
2046,181,8,211,3
2047,146,10,196,8
2048,150,10,226,16
2049,152,8,201,4
2050,144,7,169,1
2051,151,11,180,3
2052,176,9,225,6
2053,150,15,203,7
2054,149,3,193,9
2055,183,13,226,4
2056,189,15,237,1
2057,153,16,191,2
2058,183,12,229,5
2059,175,11,228,3
2060,160,5,248,20
2061,180,8,296,36
2062,155,7,227,18
2063,164,6,258,24
2064,158,10,189,4
2065,195,10,306,22
2066,183,6,262,12
2067,168,7,260,22
2068,146,7,213,15
2069,161,7,229,15
2070,179,11,264,18
2071,160,8,233,21
2072,172,7,287,29
2073,171,9,268,22
2074,182,12,240,8
2075,183,9,247,12
2076,183,9,250,16
2077,142,10,213,19
2078,196,7,339,45
2079,173,11,304,44
2080,192,8,283,24
2081,187,13,343,48
2082,155,4,214,15
2083,184,8,260,11
2084,189,6,248,11
2085,191,8,248,10
2086,174,6,234,9
2087,165,4,212,6
2088,200,6,272,14
2089,168,8,236,14
2090,196,11,268,19
2091,190,12,300,27
2092,200,11,315,31
2093,189,10,259,10
2094,199,9,310,31
2095,157,5,231,17
2096,194,6,334,39
2097,157,8,236,17
2098,174,8,250,19
2099,177,7,277,28
2100,183,8,289,24
2101,150,8,237,23
2102,142,6,242,29
2103,177,5,238,7
2104,197,5,283,15
2105,180,6,290,29
2106,140,4,220,23
2107,177,6,238,18
2108,200,15,297,22
2109,151,6,243,21
2110,196,5,306,26
2111,192,7,356,46
2112,172,8,230,9
2113,195,9,303,29
2114,198,8,304,34
2115,197,7,326,34
2116,146,6,224,17
2117,168,10,235,15
2118,173,6,247,16
2119,172,11,244,17
2120,163,7,295,32
2121,158,7,251,24
2122,172,8,260,22
2123,163,6,261,30
2124,197,12,286,24
2125,178,11,254,18
2126,188,9,280,15
2127,169,5,293,39
2128,177,7,290,29
2129,149,6,226,17
2130,177,4,247,16
2131,156,11,239,27
2132,151,5,237,19
2133,165,7,257,26
2134,154,4,256,36
2135,165,8,220,9
2136,142,5,207,14
2137,160,6,240,18
2138,152,10,220,11
2139,147,6,206,14
2140,172,5,249,14
2141,183,14,287,28
2142,198,7,317,32
2143,198,7,307,27
2144,183,9,316,44
2145,168,8,260,27
2146,192,10,299,26
2147,173,8,292,40
2148,176,6,288,33
2149,194,13,340,40
2150,183,12,251,18
2151,194,13,301,31
2152,187,14,279,25
2153,170,8,273,22
2154,165,8,252,27
2155,150,7,229,21
2156,175,6,281,26
2157,176,5,271,24
2158,187,7,262,19
2159,183,6,255,14
2160,140,5,220,27
2161,201,9,312,34
2162,188,9,279,21
2163,175,18,246,16
2164,167,6,265,26
2165,200,8,303,28
2166,168,9,271,25
2167,166,7,247,20
2168,165,7,295,40
2169,184,9,256,18
2170,185,7,321,39
2171,185,6,261,15
2172,169,10,273,30
2173,184,6,335,43
2174,144,5,213,12
2175,187,7,294,20
2176,159,7,250,23
2177,174,9,266,27
2178,167,7,248,18
2179,169,8,247,19
2180,199,16,272,16
2181,177,8,239,8
2182,168,9,274,35
2183,191,7,270,17
2184,155,7,221,17
2185,165,15,252,24
2186,182,9,315,39
2187,169,7,273,26
2188,166,7,275,27
2189,178,6,225,9
2190,195,9,259,15
2191,172,9,250,16
2192,153,10,231,21
2193,145,8,195,11
2194,153,8,208,8
2195,184,10,246,17
2196,181,11,294,30
2197,183,17,280,22
2198,170,16,251,16
2199,179,14,271,17
2200,184,9,274,19
2201,153,8,226,18
2202,149,7,192,4
2203,194,8,285,22
2204,165,13,237,13
2205,153,7,239,22
2206,187,9,268,25
2207,161,10,235,20
2208,157,10,203,6
2209,176,6,260,18
2210,160,12,227,13
2211,163,8,228,13
2212,166,14,233,10
2213,162,11,226,13
2214,193,13,268,15
2215,178,11,238,10
2216,153,13,210,7
2217,152,12,208,15
2218,199,14,266,12
2219,177,15,231,13
2220,152,12,213,7
2221,160,11,224,10
2222,152,7,219,17
2223,153,8,202,5
2224,156,10,232,22
2225,144,8,234,27
2226,190,10,248,7
2227,174,9,271,31
2228,162,7,268,24
2229,193,7,270,14
2230,188,9,269,16
2231,148,7,222,17
2232,186,6,296,30
2233,198,13,319,34
2234,155,6,243,27
2235,198,12,353,45
2236,146,8,229,18
2237,156,7,232,13
2238,177,8,289,33
2239,178,7,327,45
2240,174,8,242,10
2241,142,8,204,17
2242,155,7,223,16
2243,186,8,263,21
2244,174,21,228,10
2245,171,8,257,28
2246,191,8,292,26
2247,173,9,251,20
2248,181,8,295,30
2249,177,12,251,11
2250,187,6,311,33
2251,181,9,293,31
2252,162,9,285,35
2253,173,10,273,28
2254,198,15,309,28
2255,161,8,247,20
2256,194,13,256,10
2257,163,5,219,9
2258,196,17,247,9
2259,169,8,241,17
2260,164,10,225,11
2261,154,9,247,24
2262,180,9,274,25
2263,197,9,280,17
2264,161,5,228,12
2265,159,5,214,10
2266,182,6,249,7
2267,166,11,258,21
2268,189,11,276,22
2269,192,11,275,12
2270,165,6,224,13
2271,205,8,327,37
2272,162,8,235,19
2273,170,10,269,25
2274,195,10,271,14
2275,194,8,329,37
2276,186,8,262,17
2277,170,8,274,33
2278,175,8,306,36
2279,166,10,266,28
2280,153,6,256,26
2281,169,8,260,22
2282,179,9,252,13
2283,168,10,281,32
2284,173,10,328,47
2285,174,8,297,35
2286,162,9,292,40
2287,183,8,298,28
2288,190,9,315,31
2289,176,7,265,25
2290,160,9,277,36
2291,141,7,258,33
2292,193,7,303,26
2293,171,11,215,7
2294,148,6,220,14
2295,198,8,277,14
2296,195,14,266,14
2297,182,8,256,9
2298,143,6,216,17
2299,162,9,251,26
2300,169,8,275,31
2301,141,11,211,16
2302,199,11,264,10
2303,176,7,253,19
2304,182,11,271,25
2305,194,9,262,17
2306,167,9,220,9
2307,153,6,220,16
2308,161,6,225,11
2309,175,7,266,23
2310,140,6,193,13
2311,195,10,272,17
2312,151,10,220,18
2313,164,9,247,17
2314,183,9,261,17
2315,195,12,295,25
2316,173,12,258,15
2317,186,8,263,8
2318,189,11,261,16
2319,172,11,243,17
2320,192,9,259,12
2321,145,8,211,14
2322,149,10,218,20
2323,148,9,199,11
2324,160,7,228,13
2325,178,13,263,18
2326,180,10,267,22
2327,196,12,268,11
2328,159,7,240,14
2329,155,7,232,18
2330,145,7,204,7
2331,156,9,215,14
2332,175,8,237,3
2333,180,7,233,14
2334,196,7,268,13
2335,185,8,241,13
2336,149,4,190,6
2337,179,9,244,12
2338,155,6,217,13
2339,161,5,217,11
2340,182,6,303,32
2341,156,8,235,15
2342,149,7,214,15
2343,186,9,267,18
2344,145,8,245,29
2345,180,9,273,22
2346,194,12,266,21
2347,148,7,224,15
2348,142,8,201,13
2349,149,8,205,11
2350,146,8,214,18
2351,157,7,251,26
2352,188,20,242,9
2353,199,11,276,9
2354,151,13,228,16
2355,145,10,202,9
2356,183,21,275,24
2357,184,17,247,6
2358,188,17,258,16
2359,168,15,219,8
2360,188,17,251,8
2361,141,7,190,11
2362,144,11,218,16
2363,157,7,250,26
2364,173,8,271,25
2365,161,7,220,12
2366,150,7,231,18
2367,164,10,255,25
2368,167,9,267,22
2369,174,10,286,26
2370,189,8,327,38
2371,148,7,205,9
2372,163,12,243,20
2373,178,7,261,21
2374,147,7,210,10
2375,185,8,271,19
2376,186,15,251,9
2377,164,15,220,7
2378,196,16,295,26
2379,190,14,287,29
2380,180,13,270,18
2381,181,11,254,16
2382,198,7,256,13
2383,156,8,238,22
2384,194,8,272,14
2385,198,9,280,16
2386,173,9,241,13
2387,151,9,214,14
2388,192,10,261,13
2389,147,8,211,16
2390,151,9,212,16
2391,150,6,240,25
2392,167,11,240,12
2393,186,12,245,12
2394,200,17,252,6
2395,198,11,297,23
2396,153,13,243,25
2397,168,7,226,7
2398,159,7,253,25
2399,164,7,243,17
2400,169,7,256,12
2401,194,13,300,27
2402,173,7,263,25
2403,163,5,223,11
2404,198,9,278,18
2405,174,8,245,16
2406,176,10,264,21
2407,153,7,245,23
2408,174,6,221,6
2409,176,8,259,17
2410,176,8,246,14
2411,178,13,247,13
2412,152,6,218,15
2413,162,10,233,18
2414,150,10,217,15
2415,179,10,287,30
2416,191,8,274,15
2417,171,8,245,15
2418,170,9,240,13
2419,150,6,217,17
2420,179,11,271,28
2421,183,10,284,23
2422,177,11,261,18
2423,157,8,213,14
2424,140,6,222,15
2425,168,7,232,17
2426,199,11,317,28
2427,147,9,219,21
2428,141,7,227,20
2429,200,5,250,9
2430,178,8,226,5
2431,162,4,224,12
2432,181,4,256,14
2433,191,7,285,20
2434,191,6,300,28
2435,155,6,233,11
2436,177,9,270,21
2437,146,8,198,9
2438,177,8,265,26
2439,168,9,238,13
2440,173,9,264,20
2441,189,11,274,19
2442,158,6,231,19
2443,165,12,241,19
2444,140,5,207,12
2445,196,16,278,21
2446,165,13,232,11
2447,178,14,244,11
2448,150,10,221,16
2449,155,7,223,14
2450,145,7,194,8
2451,159,9,240,14
2452,190,9,292,27
2453,184,7,257,16
2454,190,10,270,15
2455,182,8,254,17
2456,169,3,228,10
2457,179,4,244,7
2458,186,8,260,16
2459,171,7,228,10
2460,145,5,195,4
2461,198,17,246,6
2462,186,13,263,13
2463,164,6,200,4
2464,187,9,267,6
2465,148,10,230,20
2466,157,7,259,26
2467,183,7,273,17
2468,170,8,242,10
2469,178,11,256,20
2470,192,6,284,24
2471,157,6,233,20
2472,177,8,260,18
2473,185,8,270,18
2474,165,10,242,23
2475,180,7,227,6
2476,169,13,239,18
2477,156,9,238,19
2478,186,16,275,21
2479,193,7,287,19
2480,174,9,215,2
2481,177,11,263,17
2482,200,9,278,17
2483,159,7,245,24
2484,167,11,234,14
2485,171,10,232,14
2486,148,10,221,18
2487,181,11,274,21
2488,178,16,269,23
2489,183,7,250,11
2490,193,8,264,15
2491,182,5,277,28
2492,185,8,278,20
2493,174,5,255,19
2494,194,8,307,28
2495,161,11,232,14
2496,191,12,254,9
2497,160,8,211,4
2498,192,12,276,23
2499,171,9,250,13
2500,150,7,252,30
2501,168,13,249,18
2502,200,8,278,18
2503,184,11,266,17
2504,147,6,216,16
2505,169,13,257,23
2506,186,6,243,5
2507,183,10,262,20
2508,187,8,303,34
2509,166,8,245,16
2510,177,6,274,18
2511,165,8,237,12
2512,182,9,241,6
2513,142,7,192,12
2514,157,7,213,10
2515,183,6,299,32
2516,165,9,235,13
2517,177,10,258,13
2518,164,4,242,15
2519,169,8,248,18
2520,175,9,266,22
2521,177,12,244,14
2522,163,8,216,4
2523,178,12,250,20
2524,166,11,225,2
2525,142,7,199,12
2526,187,9,244,8
2527,191,13,259,12
2528,182,7,251,13
2529,150,7,223,18
2530,149,10,211,16
2531,144,7,206,12
2532,182,8,254,10
2533,181,10,253,17
2534,142,6,226,26
2535,166,9,237,15
2536,155,7,256,28
2537,148,7,215,17
2538,151,6,211,12
2539,177,9,246,13
2540,193,3,280,19
2541,152,6,217,17
2542,167,7,236,11
2543,142,9,190,9
2544,150,11,214,10
2545,166,7,209,6
2546,152,15,206,4
2547,163,9,258,27
2548,188,8,258,12
2549,148,8,211,15
2550,188,6,269,21
2551,178,9,253,20
2552,188,11,270,27
2553,144,5,183,6
2554,180,7,250,13
2555,174,9,236,12
2556,160,8,224,9
2557,198,8,264,12
2558,195,7,237,5
2559,172,6,233,15
2560,197,7,294,21
2561,143,6,205,15
2562,154,5,218,11
2563,155,8,193,2
2564,159,6,214,11
2565,177,7,246,9
2566,140,5,207,14
2567,141,5,178,6
2568,158,20,183,0
2569,183,20,219,1
2570,161,22,187,2
2571,152,16,184,1
2572,167,15,204,2
2573,177,10,266,25
2574,192,4,264,15
2575,178,4,270,26
2576,159,17,231,15
2577,165,12,221,10
2578,183,8,255,12
2579,151,11,216,14
2580,146,6,181,2
2581,168,5,209,2
2582,180,13,213,2
2583,185,8,258,12
2584,180,6,238,11
2585,174,13,225,6
2586,151,12,162,0
2587,190,8,199,0
2588,143,12,201,12
2589,179,12,210,0
2590,171,10,246,19
2591,140,9,177,3
2592,186,12,225,4
2593,168,9,218,6
2594,161,8,223,12
2595,174,8,222,12
2596,185,7,227,2
2597,153,8,193,3
2598,180,10,267,24
2599,162,10,212,8
2600,162,8,228,13
2601,178,12,251,15
2602,163,6,213,16
2603,162,13,235,11
2604,141,4,193,14
2605,175,6,234,10
2606,141,9,188,3
2607,179,13,245,13
2608,200,8,247,4
2609,175,11,238,8
2610,188,12,243,7
2611,163,11,205,2
2612,157,6,207,7
2613,174,17,231,9
2614,157,7,203,9
2615,193,10,257,11
2616,186,7,286,29
2617,188,6,288,25
2618,143,5,219,17
2619,148,5,207,12
2620,145,6,198,10
2621,176,7,246,11
2622,169,7,243,15
2623,167,5,216,9
2624,178,8,267,26
2625,176,7,279,30
2626,173,8,254,18
2627,152,6,222,17
2628,186,5,245,12
2629,183,3,244,9
2630,141,6,192,13
2631,200,8,264,16
2632,140,7,214,14
2633,142,6,203,12
2634,168,7,244,20
2635,164,7,253,19
2636,144,6,216,18
2637,155,6,245,20
2638,174,7,256,19
2639,165,5,225,11
2640,184,10,276,18
2641,166,7,259,23
2642,175,6,298,30
2643,167,5,254,22
2644,156,8,240,18
2645,174,4,260,30
2646,180,7,254,18
2647,189,10,300,28
2648,177,8,263,23
2649,194,9,319,37
2650,151,8,224,18
2651,171,6,254,22
2652,156,8,253,29
2653,171,9,270,24
2654,173,6,226,6
2655,196,11,277,20
2656,191,11,280,24
2657,163,5,231,11
2658,194,11,313,29
2659,153,4,242,22
2660,161,6,227,18
2661,192,6,239,7
2662,199,10,251,9
2663,176,12,259,22
2664,171,5,244,16
2665,184,11,246,13
2666,187,8,247,12
2667,188,7,253,12
2668,172,10,239,15
2669,170,13,183,1
2670,149,7,185,3
2671,154,9,200,8
2672,181,4,233,10
2673,175,7,230,13
2674,171,9,202,2
2675,168,9,192,2
2676,181,11,237,9
2677,189,9,239,6
2678,186,12,228,5
2679,176,7,240,14
2680,160,4,238,20
2681,187,7,283,23
2682,171,7,244,14
2683,192,7,263,14
2684,176,6,260,18
2685,150,10,190,4
2686,162,11,234,19
2687,156,7,198,7
2688,186,10,270,21
2689,163,5,207,8
2690,193,11,365,52
2691,162,6,273,29
2692,158,10,260,34
2693,191,5,262,16
2694,198,14,252,4
2695,197,20,224,0
2696,152,14,212,10
2697,180,21,225,6
2698,193,17,229,1
2699,176,12,306,30
2700,197,10,299,28
2701,162,8,283,31
2702,194,6,269,13
2703,173,5,222,5
2704,170,9,284,35
2705,181,10,306,37
2706,188,18,318,34
2707,161,6,262,23
2708,142,7,214,18
2709,147,4,246,29
2710,157,13,251,27
2711,191,10,301,31
2712,139,22,204,7
2713,154,17,202,3
2714,175,9,308,39
2715,162,13,227,17
2716,189,14,256,7
2717,178,8,246,13
2718,168,7,241,19
2719,164,8,256,20
2720,141,8,199,15
2721,142,6,201,8
2722,175,6,269,23
2723,156,4,216,9
2724,170,6,223,13
2725,177,7,301,39
2726,188,30,328,44
2727,166,7,228,18
2728,152,8,222,15
2729,175,9,295,36
2730,145,7,242,30
2731,196,13,302,30
2732,177,12,279,28
2733,159,10,281,34
2734,156,6,247,23
2735,150,5,286,51
2736,171,14,276,28
2737,182,9,290,29
2738,176,6,271,26
2739,189,9,348,46
2740,169,7,271,28
2741,161,8,230,16
2742,163,11,228,9
2743,177,8,307,39
2744,196,7,357,46
2745,166,20,259,25
2746,191,9,300,23
2747,198,10,304,28
2748,178,12,273,22
2749,162,8,272,31
2750,196,12,375,58
2751,158,4,231,10
2752,177,7,281,28
2753,166,5,257,23
2754,143,6,245,25
2755,168,11,225,11
2756,183,8,288,29
2757,194,13,290,30
2758,161,10,235,17
2759,157,10,240,18
2760,188,11,264,22
2761,162,11,244,20
2762,154,9,230,12
2763,190,11,250,15
2764,141,8,219,23
2765,174,18,229,6
2766,165,5,270,30
2767,176,7,266,28
2768,188,10,278,26
2769,190,12,302,40
2770,182,9,305,31
2771,173,9,282,34
2772,163,7,291,34
2773,163,5,277,34
2774,160,14,228,15
2775,157,7,259,24
2776,142,8,193,6
2777,198,11,293,18
2778,178,10,254,18
2779,160,9,232,20
2780,190,14,336,39
2781,153,4,280,36
2782,145,7,229,27
2783,177,14,238,13
2784,147,6,202,9
2785,172,14,244,18
2786,194,10,346,43
2787,161,8,323,45
2788,195,10,350,45
2789,181,9,317,40
2790,187,26,302,24
2791,191,16,323,38
2792,188,9,371,54
2793,165,7,320,39
2794,195,19,286,25
2795,169,11,268,24
2796,170,6,319,42
2797,178,11,315,41
2798,199,11,347,37
2799,151,15,265,26
2800,187,7,335,49
2801,179,10,308,39
2802,171,14,276,30
2803,194,19,262,10
2804,144,6,271,38
2805,193,11,408,61
2806,140,8,300,52
2807,143,8,295,53
2808,148,9,311,47
2809,177,9,321,40
2810,172,9,324,39
2811,171,10,336,52
2812,181,14,336,47
2813,145,9,238,27
2814,180,13,352,53
2815,199,18,301,29
2816,177,8,306,37
2817,168,15,297,35
2818,189,23,272,21
2819,162,17,231,7
2820,149,11,218,13
2821,140,16,212,12
2822,173,12,237,9
2823,141,14,210,10
2824,158,14,219,12
2825,180,21,235,6
2826,189,22,260,10
2827,177,22,227,9
2828,161,24,207,9
2829,145,11,237,22
2830,164,14,254,17
2831,190,17,266,14
2832,150,13,248,19
2833,146,14,241,26
