,0,1
0,33.0,18.73
1,33.0,14.87
2,43.0,21.1
3,69.0,39.6
4,42.0,35.0
5,45.0,26.86
6,48.0,24.5
7,67.0,27.71
8,34.0,19.4
9,49.0,27.12
10,56.0,40.8
11,48.0,20.78
12,52.0,30.0
13,32.0,14.93
14,41.0,16.54
15,82.0,32.33
16,30.0,17.0
17,156.0,96.0
18,57.0,34.67
19,53.0,25.38
20,65.0,30.17
21,125.0,66.33
22,48.0,27.38
23,57.0,30.17
24,61.0,32.33
25,31.0,25.0
26,44.0,26.17
27,46.0,32.17
28,65.0,49.25
29,33.0,19.4
30,40.0,25.0
31,40.0,17.55
32,49.0,27.86
33,63.0,28.62
34,39.0,31.2
35,38.0,20.75
36,26.0,17.0
37,58.0,23.2
38,35.0,17.85
39,43.0,21.25
40,34.0,16.73
41,39.0,28.5
42,25.0,16.6
43,36.0,19.9
44,36.0,21.0
45,34.0,14.5
46,36.0,20.56
47,49.0,27.62
48,58.0,30.67
49,47.0,29.17
50,64.0,35.83
51,42.0,20.89
52,39.0,27.33
53,38.0,25.12
54,30.0,21.88
55,30.0,18.91
56,43.0,26.0
57,36.0,19.0
58,107.0,73.0
59,67.0,34.5
60,94.0,60.0
61,71.0,43.2
62,81.0,52.75
63,84.0,46.25
64,65.0,30.71
65,40.0,17.18
66,41.0,25.88
67,44.0,24.0
68,36.0,16.0
69,50.0,27.78
70,124.0,22.64
71,132.0,56.5
72,70.0,33.14
73,35.0,17.42
74,37.0,17.73
75,33.0,24.38
76,55.0,20.33
77,54.0,33.17
78,55.0,29.83
79,65.0,33.0
80,71.0,22.3
81,39.0,27.71
82,102.0,53.0
83,76.0,24.5
84,80.0,54.0
85,61.0,36.8
86,51.0,35.0
87,81.0,50.25
88,62.0,28.71
89,33.0,22.22
90,68.0,30.5
91,64.0,35.2
92,67.0,42.2
93,58.0,26.62
94,34.0,18.64
95,42.0,21.3
96,34.0,19.44
97,50.0,31.0
98,46.0,21.4
99,86.0,81.0
100,66.0,29.29
101,51.0,23.71
102,33.0,20.89
103,38.0,20.78
104,38.0,16.8
105,44.0,32.4
106,66.0,28.5
107,59.0,32.67
108,102.0,54.33
109,52.0,34.2
110,44.0,20.0
111,36.0,22.22
112,35.0,19.7
113,32.0,18.0
114,94.0,41.2
115,65.0,34.33
116,42.0,25.86
117,40.0,21.36
118,40.0,21.3
119,34.0,22.0
120,62.0,35.4
121,69.0,35.4
122,47.0,29.0
123,46.0,23.44
124,39.0,27.0
125,34.0,17.38
126,59.0,32.5
127,52.0,25.22
128,51.0,23.25
129,44.0,24.12
130,50.0,20.73
131,36.0,22.5
132,57.0,21.89
133,43.0,16.92
134,31.0,16.5
135,34.0,15.93
136,45.0,30.6
137,49.0,27.67
138,33.0,15.69
139,40.0,26.14
140,59.0,27.12
141,46.0,28.86
142,34.0,18.78
143,58.0,24.6
144,60.0,26.67
145,99.0,42.5
146,44.0,23.75
147,51.0,30.75
148,39.0,18.42
149,67.0,50.5
150,68.0,32.6
151,65.0,36.2
152,33.0,18.0
153,47.0,28.5
154,45.0,31.43
155,42.0,16.07
156,34.0,17.0
157,54.0,26.12
158,48.0,30.57
159,53.0,34.83
160,44.0,21.67
161,46.0,20.73
162,36.0,20.6
163,62.0,32.8
164,86.0,38.2
165,41.0,17.77
166,68.0,33.6
167,41.0,25.11
168,76.0,34.6
169,49.0,26.43
170,40.0,20.22
171,64.0,37.6
172,47.0,32.83
173,37.0,19.9
174,53.0,26.38
175,31.0,19.33
176,54.0,29.0
177,32.0,13.12
178,38.0,21.5
179,53.0,31.2
180,90.0,40.2
181,69.0,39.2
182,38.0,22.67
183,43.0,25.67
184,57.0,34.5
185,40.0,20.45
186,41.0,27.43
187,35.0,21.62
188,36.0,23.25
189,51.0,23.11
190,34.0,29.0
191,39.0,25.57
192,46.0,27.38
193,47.0,28.0
194,46.0,30.86
195,55.0,21.82
196,36.0,22.33
197,85.0,36.8
198,39.0,31.67
199,39.0,24.43
200,57.0,31.6
201,41.0,24.38
202,50.0,31.43
203,49.0,25.88
204,42.0,27.33
205,84.0,43.8
206,40.0,27.12
207,50.0,29.67
208,102.0,95.0
209,32.0,27.12
210,50.0,32.2
211,60.0,33.8
212,51.0,30.57
213,45.0,34.33
214,39.0,20.62
215,48.0,21.2
216,41.0,21.22
217,46.0,27.71
218,59.0,43.2
219,69.0,28.14
220,50.0,25.33
221,41.0,19.75
222,38.0,21.0
223,39.0,31.43
224,46.0,32.17
225,23.0,19.22
226,61.0,41.8
227,19.0,11.11
228,62.0,32.29
229,66.0,41.0
230,65.0,43.2
231,33.0,17.93
232,66.0,42.8
233,40.0,14.22
234,35.0,23.67
235,53.0,26.88
236,62.0,25.0
237,43.0,31.5
238,49.0,23.89
239,41.0,30.0
240,35.0,18.73
241,33.0,19.7
242,45.0,18.58
243,40.0,20.78
244,51.0,25.88
245,45.0,21.5
246,51.0,24.38
247,31.0,24.71
248,36.0,18.73
249,31.0,22.25
250,28.0,11.42
251,22.0,15.55
252,41.0,31.43
253,39.0,29.0
254,36.0,21.33
255,28.0,18.7
256,36.0,24.44
257,36.0,18.25
258,30.0,21.5
259,33.0,24.43
260,35.0,27.29
261,24.0,13.29
262,38.0,14.07
263,45.0,24.5
264,48.0,29.57
265,41.0,25.12
266,50.0,27.88
267,35.0,22.75
268,38.0,24.86
269,57.0,28.29
270,45.0,25.0
271,23.0,14.62
272,49.0,35.8
273,51.0,32.0
274,25.0,10.7
275,24.0,17.58
276,35.0,24.25
277,45.0,26.29
278,34.0,23.25
279,33.0,18.67
280,39.0,25.88
281,29.0,14.58
282,53.0,35.6
283,56.0,26.29
284,25.0,17.36
285,16.0,11.6
286,53.0,19.09
287,52.0,28.43
288,34.0,20.78
289,44.0,19.55
290,36.0,20.9
291,41.0,31.5
292,49.0,30.0
293,53.0,34.67
294,31.0,17.0
295,20.0,10.81
296,16.0,11.1
297,24.0,16.0
298,35.0,19.2
299,51.0,21.0
300,32.0,19.36
301,49.0,21.5
302,32.0,16.17
303,40.0,28.57
304,56.0,29.14
305,41.0,17.58
306,53.0,31.67
307,26.0,17.67
308,26.0,15.27
309,24.0,14.5
310,38.0,13.54
311,53.0,22.22
312,32.0,16.8
313,31.0,20.7
314,27.0,14.08
315,39.0,20.3
316,39.0,18.18
317,38.0,21.0
318,48.0,36.4
319,47.0,28.29
320,36.0,23.5
321,27.0,15.5
322,39.0,29.5
323,32.0,17.45
324,39.0,26.71
325,27.0,21.3
326,26.0,15.07
327,57.0,26.0
328,80.0,34.33
329,47.0,23.44
330,36.0,22.56
331,43.0,35.2
332,28.0,14.81
333,43.0,26.5
334,22.0,9.95
335,28.0,15.08
336,51.0,24.62
337,45.0,34.4
338,32.0,16.23
339,41.0,22.62
340,46.0,24.56
341,31.0,21.1
342,33.0,21.62
343,33.0,23.14
344,43.0,26.75
345,52.0,22.71
346,30.0,21.22
347,50.0,32.17
348,34.0,21.0
349,33.0,18.73
350,42.0,24.57
351,28.0,21.25
352,38.0,21.25
353,26.0,13.0
354,58.0,23.38
355,30.0,19.0
356,20.0,12.0
357,34.0,21.5
358,36.0,18.5
359,30.0,22.11
360,37.0,25.57
361,20.0,13.83
362,26.0,18.8
363,40.0,22.4
364,43.0,23.43
365,59.0,37.6
366,20.0,12.86
367,20.0,12.71
368,35.0,25.5
369,46.0,24.86
370,40.0,26.43
371,30.0,20.6
372,48.0,27.5
373,24.0,15.31
374,24.0,11.56
375,81.0,34.33
376,24.0,15.17
377,21.0,10.91
378,43.0,22.22
379,39.0,23.5
380,43.0,24.75
381,42.0,24.67
382,38.0,27.29
383,38.0,27.71
384,32.0,19.08
385,36.0,25.86
386,44.0,26.0
387,27.0,18.0
388,43.0,31.5
389,32.0,17.1
390,31.0,15.85
391,27.0,17.33
392,20.0,11.86
393,37.0,23.86
394,57.0,33.2
395,27.0,15.57
396,75.0,40.0
397,27.0,14.07
398,28.0,16.92
399,65.0,35.0
400,24.0,16.67
401,33.0,21.9
402,39.0,22.5
403,38.0,21.22
404,74.0,38.6
405,23.0,11.47
406,35.0,23.12
407,49.0,28.17
408,45.0,20.18
409,38.0,19.22
410,40.0,21.8
411,48.0,34.83
412,40.0,18.9
413,39.0,17.82
414,26.0,16.62
415,19.0,12.14
416,31.0,18.89
417,35.0,22.67
418,42.0,29.14
419,54.0,24.5
420,52.0,29.71
421,21.0,15.15
422,65.0,25.5
423,69.0,30.57
424,31.0,21.88
425,44.0,33.6
426,38.0,20.11
427,62.0,26.38
428,24.0,14.09
429,62.0,27.57
430,42.0,27.43
431,41.0,28.0
432,26.0,13.58
433,32.0,21.5
434,29.0,17.82
435,32.0,24.67
436,35.0,25.11
437,60.0,35.2
438,36.0,27.43
439,21.0,12.78
440,41.0,23.75
441,37.0,21.11
442,22.0,15.57
443,38.0,26.38
444,41.0,23.43
445,46.0,31.71
446,45.0,20.5
447,30.0,19.0
448,30.0,16.33
449,36.0,12.7
450,26.0,15.17
451,38.0,25.38
452,29.0,22.38
453,33.0,18.56
454,26.0,18.56
455,30.0,20.12
456,32.0,17.0
457,41.0,31.71
458,55.0,23.25
459,34.0,18.5
460,37.0,20.62
461,27.0,21.67
462,39.0,29.67
463,35.0,20.5
464,34.0,24.0
465,34.0,20.3
466,30.0,23.38
467,42.0,25.71
468,47.0,23.62
469,42.0,17.44
470,60.0,25.75
471,31.0,21.0
472,28.0,21.5
473,27.0,18.18
474,34.0,23.71
475,36.0,18.45
476,30.0,18.08
477,60.0,23.38
478,43.0,32.8
479,50.0,31.0
480,32.0,21.75
481,30.0,24.14
482,61.0,26.57
483,38.0,21.0
484,43.0,27.29
485,38.0,25.11
486,35.0,22.1
487,30.0,17.2
488,38.0,19.11
489,58.0,52.33
490,57.0,33.83
491,24.0,12.69
492,46.0,25.57
493,45.0,29.83
494,49.0,24.14
495,47.0,25.12
496,40.0,25.62
497,50.0,27.0
498,40.0,21.56
499,43.0,22.75
500,71.0,35.4
501,42.0,25.17
502,27.0,19.88
503,42.0,21.1
504,33.0,21.22
505,25.0,16.0
506,28.0,19.8
507,18.0,9.83
508,20.0,12.4
509,38.0,27.67
510,77.0,24.1
511,24.0,12.54
512,21.0,13.8
513,42.0,24.0
514,47.0,24.11
515,28.0,18.45
516,34.0,17.0
517,53.0,31.67
518,34.0,19.82
519,20.0,11.62
520,43.0,23.43
521,51.0,28.67
522,32.0,19.6
523,43.0,23.25
524,43.0,23.33
525,50.0,26.83
526,20.0,12.33
527,48.0,21.62
528,44.0,19.5
529,30.0,17.46
530,26.0,13.11
531,19.0,12.0
532,33.0,20.75
533,29.0,14.75
534,26.0,17.9
535,51.0,30.17
536,37.0,24.43
537,28.0,14.62
538,27.0,16.46
539,26.0,20.22
540,43.0,22.22
541,39.0,21.7
542,35.0,20.5
543,64.0,17.38
544,41.0,27.33
545,23.0,11.94
546,39.0,26.86
547,43.0,14.67
548,31.0,16.7
549,42.0,27.67
550,28.0,16.67
551,33.0,16.3
552,37.0,21.7
553,31.0,19.6
554,35.0,19.89
555,45.0,25.43
556,34.0,25.0
557,37.0,16.5
558,35.0,25.12
559,22.0,13.08
560,17.0,9.25
561,34.0,22.6
562,32.0,25.0
563,25.0,15.38
564,25.0,14.59
565,20.0,13.37
566,33.0,14.67
567,77.0,33.71
568,31.0,18.0
569,54.0,25.62
570,35.0,24.88
571,39.0,20.22
572,29.0,14.57
573,33.0,24.43
574,124.0,67.0
575,53.0,30.43
576,32.0,21.1
577,48.0,27.67
578,89.0,33.0
579,73.0,45.5
580,48.0,25.75
581,27.0,12.64
582,46.0,30.17
583,29.0,19.67
584,34.0,19.55
585,26.0,15.64
586,108.0,40.83
587,28.0,17.09
588,28.0,19.9
589,36.0,28.5
590,41.0,17.58
591,28.0,14.29
592,59.0,23.75
593,30.0,23.14
594,22.0,13.33
595,55.0,22.62
596,42.0,23.89
597,41.0,23.22
598,40.0,24.0
599,35.0,24.88
600,58.0,32.0
601,50.0,29.29
602,42.0,31.67
603,42.0,23.71
604,25.0,15.09
605,22.0,16.73
606,34.0,26.0
607,19.0,9.25
608,24.0,14.07
609,38.0,28.43
610,37.0,23.33
611,51.0,28.43
612,54.0,32.43
613,41.0,24.75
614,25.0,14.82
615,27.0,15.33
616,43.0,25.88
617,30.0,16.58
618,42.0,28.5
619,38.0,21.78
620,57.0,34.6
621,30.0,21.12
622,41.0,24.75
623,24.0,16.64
624,49.0,22.88
625,35.0,20.7
626,34.0,16.73
627,28.0,19.45
628,38.0,25.38
629,38.0,21.7
630,47.0,25.88
631,36.0,25.44
632,27.0,19.27
633,23.0,14.29
634,31.0,20.25
635,33.0,18.45
636,40.0,21.56
637,31.0,14.06
638,36.0,22.9
639,41.0,20.0
640,28.0,21.18
641,36.0,24.71
642,38.0,25.0
643,37.0,17.91
644,43.0,27.25
645,39.0,24.86
646,36.0,26.14
647,26.0,12.39
648,55.0,20.18
649,48.0,29.57
650,33.0,26.0
651,31.0,24.5
652,35.0,19.8
653,25.0,13.0
654,41.0,29.71
655,40.0,21.25
656,34.0,20.11
657,37.0,17.08
658,58.0,21.12
659,40.0,18.11
660,54.0,32.14
661,33.0,20.7
662,25.0,9.8
663,42.0,17.55
664,27.0,16.17
665,75.0,22.88
666,40.0,23.78
667,42.0,21.22
668,30.0,16.46
669,30.0,19.75
670,41.0,24.67
671,39.0,18.17
672,28.0,20.5
673,14.0,7.5
674,43.0,27.88
675,40.0,26.88
676,31.0,13.5
677,32.0,15.71
678,43.0,26.88
679,52.0,28.86
680,21.0,10.0
681,49.0,25.88
682,39.0,29.0
683,57.0,20.3
684,44.0,24.88
685,43.0,20.18
686,43.0,25.67
687,35.0,23.56
688,38.0,21.56
689,43.0,19.08
690,35.0,19.09
691,24.0,17.5
692,41.0,26.83
693,43.0,22.67
694,33.0,26.62
695,24.0,18.75
696,27.0,18.58
697,30.0,20.55
698,31.0,13.88
699,31.0,16.91
700,47.0,27.88
701,30.0,18.82
702,42.0,21.38
703,39.0,25.12
704,41.0,28.43
705,51.0,25.25
706,46.0,28.29
707,22.0,11.35
708,35.0,18.91
709,47.0,22.4
710,28.0,16.75
711,27.0,11.56
712,15.0,8.7
713,19.0,14.15
714,22.0,11.67
715,15.0,6.1
716,36.0,21.78
717,33.0,22.89
718,19.0,12.64
719,22.0,11.35
720,33.0,15.86
721,23.0,16.8
722,22.0,15.43
723,28.0,17.2
724,34.0,21.4
725,30.0,17.23
726,27.0,17.2
727,50.0,25.67
728,46.0,22.89
729,16.0,9.18
730,30.0,16.58
731,26.0,13.0
732,23.0,16.58
733,41.0,26.75
734,34.0,20.33
735,40.0,24.89
736,38.0,21.25
737,32.0,22.38
738,40.0,27.5
739,47.0,20.0
740,27.0,17.64
741,32.0,22.56
742,40.0,25.25
743,17.0,12.5
744,27.0,17.27
745,25.0,16.09
746,26.0,14.38
747,35.0,22.33
748,28.0,15.17
749,42.0,20.62
750,45.0,17.67
751,26.0,16.17
752,29.0,18.25
753,40.0,20.55
754,37.0,20.55
755,18.0,11.0
756,20.0,12.36
757,25.0,18.73
758,39.0,25.0
759,42.0,34.33
760,40.0,19.75
761,30.0,11.76
762,37.0,28.14
763,41.0,24.0
764,28.0,14.91
765,25.0,17.6
766,36.0,17.0
767,35.0,24.78
768,33.0,15.57
769,54.0,24.75
770,33.0,20.33
771,27.0,17.64
772,36.0,15.38
773,48.0,23.89
774,34.0,22.11
775,28.0,18.58
776,39.0,27.38
777,18.0,11.72
778,30.0,20.0
779,27.0,17.7
780,40.0,23.44
781,16.0,9.47
782,37.0,13.17
783,19.0,9.84
784,20.0,15.08
785,40.0,23.12
786,37.0,17.27
787,37.0,27.83
788,26.0,14.73
789,53.0,26.57
790,39.0,26.17
791,41.0,17.27
792,19.0,11.72
793,45.0,26.43
794,28.0,18.91
795,35.0,23.62
796,46.0,24.57
797,39.0,21.8
798,25.0,16.82
799,29.0,16.5
800,35.0,15.64
801,19.0,12.21
802,18.0,10.87
803,17.0,11.56
804,28.0,17.3
805,36.0,20.89
806,16.0,9.32
807,24.0,12.81
808,19.0,11.35
809,28.0,16.36
810,18.0,8.59
811,38.0,22.62
812,34.0,22.56
813,22.0,10.28
814,29.0,18.22
815,32.0,20.9
816,29.0,17.82
817,34.0,23.5
818,45.0,28.62
819,47.0,27.57
820,20.0,14.5
821,23.0,15.25
822,22.0,12.2
823,24.0,16.1
824,37.0,21.38
825,27.0,11.74
826,21.0,12.21
827,43.0,15.93
828,31.0,18.27
829,61.0,28.5
830,42.0,24.71
831,35.0,23.56
832,25.0,11.85
833,21.0,10.29
834,24.0,13.06
835,23.0,11.55
836,26.0,14.4
837,21.0,11.72
838,36.0,23.25
839,24.0,13.88
840,43.0,20.62
841,26.0,11.33
842,32.0,24.29
843,17.0,9.3
844,45.0,27.5
845,32.0,17.33
846,18.0,10.05
847,63.0,28.0
848,41.0,21.27
849,35.0,21.2
850,27.0,16.09
851,30.0,20.0
852,32.0,18.67
853,60.0,25.38
854,18.0,11.24
855,39.0,19.5
856,33.0,19.92
857,44.0,24.5
858,13.0,6.79
859,14.0,7.59
860,14.0,7.9
861,14.0,7.56
862,34.0,25.0
863,23.0,11.57
864,29.0,18.17
865,31.0,18.6
866,37.0,22.8
867,38.0,18.0
868,24.0,16.64
869,26.0,14.67
870,40.0,23.11
871,34.0,24.71
872,18.0,10.65
873,31.0,21.33
874,38.0,25.62
875,44.0,26.88
876,50.0,22.78
877,25.0,13.94
878,19.0,12.31
879,67.0,25.11
880,38.0,27.62
881,22.0,13.17
882,50.0,24.88
883,41.0,27.88
884,45.0,28.43
885,41.0,26.62
886,44.0,23.12
887,55.0,31.14
888,39.0,24.11
889,32.0,16.92
890,50.0,25.89
891,40.0,28.14
892,28.0,17.54
893,41.0,19.42
894,20.0,10.28
895,24.0,12.28
896,24.0,12.25
897,47.0,32.86
898,36.0,21.75
899,44.0,29.57
900,30.0,18.83
901,29.0,16.69
902,31.0,21.27
903,43.0,22.56
904,36.0,15.29
905,33.0,19.25
906,48.0,28.71
907,31.0,18.73
908,33.0,23.1
909,32.0,17.6
910,36.0,22.78
911,45.0,25.62
912,50.0,20.36
913,29.0,16.5
914,42.0,22.7
915,41.0,18.33
916,18.0,11.55
917,28.0,13.41
918,28.0,18.33
919,36.0,17.82
920,19.0,9.57
921,52.0,34.0
922,21.0,8.96
923,41.0,18.73
924,17.0,7.0
925,21.0,11.32
926,40.0,21.8
927,16.0,9.07
928,23.0,11.18
929,19.0,8.44
930,28.0,14.93
931,22.0,12.21
932,17.0,8.88
933,24.0,11.67
934,18.0,12.5
935,53.0,32.43
936,92.0,37.0
937,40.0,21.3
938,19.0,12.62
939,40.0,20.7
940,52.0,26.0
941,18.0,10.64
942,34.0,22.56
943,18.0,10.04
944,29.0,19.89
945,31.0,17.23
946,27.0,16.5
947,18.0,9.67
948,53.0,24.56
949,55.0,25.38
950,30.0,16.46
951,24.0,13.83
952,28.0,14.0
953,21.0,13.86
954,34.0,18.25
955,41.0,18.67
956,28.0,19.2
957,30.0,16.14
958,44.0,16.43
959,27.0,17.46
960,21.0,12.11
961,52.0,23.89
962,19.0,8.96
963,20.0,11.8
964,21.0,11.75
965,32.0,15.07
966,35.0,22.25
967,41.0,24.86
968,15.0,7.25
969,20.0,12.35
970,29.0,17.82
971,36.0,23.67
972,40.0,17.0
973,31.0,23.22
974,21.0,10.05
975,22.0,14.4
976,57.0,25.78
977,19.0,9.76
978,30.0,21.78
979,21.0,11.25
980,20.0,12.5
981,26.0,13.86
982,12.0,8.76
983,19.0,10.83
984,19.0,10.12
985,22.0,13.65
986,16.0,9.96
987,36.0,18.9
988,17.0,12.0
989,22.0,12.8
990,10.0,6.43
991,18.0,9.03
992,33.0,21.4
993,18.0,9.33
994,15.0,8.08
995,33.0,19.78
996,22.0,14.54
997,33.0,18.82
998,29.0,17.69
999,50.0,24.71
1000,15.0,9.46
1001,20.0,10.52
1002,20.0,6.1
1003,27.0,14.53
1004,16.0,7.08
1005,15.0,10.29
1006,26.0,11.8
1007,20.0,8.55
1008,33.0,18.18
1009,23.0,14.57
1010,19.0,10.12
1011,17.0,10.74
1012,17.0,8.59
1013,15.0,8.42
1014,18.0,10.0
1015,23.0,12.35
1016,16.0,9.65
1017,20.0,12.3
1018,39.0,23.1
1019,41.0,28.0
1020,32.0,20.6
1021,44.0,22.4
1022,22.0,11.16
1023,39.0,29.33
1024,48.0,26.62
1025,17.0,10.59
1026,16.0,9.53
1027,20.0,13.41
1028,25.0,13.62
1029,41.0,16.47
1030,29.0,15.44
1031,23.0,15.33
1032,26.0,14.0
1033,31.0,18.82
1034,30.0,19.7
1035,26.0,14.87
1036,29.0,18.75
1037,32.0,13.81
1038,16.0,8.29
1039,15.0,9.56
1040,13.0,7.47
1041,35.0,23.33
1042,21.0,13.13
1043,23.0,11.52
1044,38.0,24.38
1045,21.0,11.35
1046,19.0,12.31
1047,14.0,9.24
1048,25.0,11.71
1049,24.0,12.17
1050,19.0,10.77
1051,31.0,14.87
1052,39.0,19.82
1053,21.0,12.53
1054,24.0,10.44
1055,31.0,17.08
1056,20.0,13.25
1057,23.0,12.62
1058,22.0,10.86
1059,28.0,15.67
1060,18.0,12.57
1061,40.0,29.0
1062,19.0,11.55
1063,24.0,11.78
1064,17.0,10.5
1065,28.0,11.95
1066,23.0,11.71
1067,28.0,13.11
1068,30.0,16.43
1069,15.0,8.68
1070,20.0,10.17
1071,37.0,12.25
1072,20.0,9.96
1073,29.0,16.92
1074,31.0,22.22
1075,33.0,12.26
1076,33.0,17.18
1077,26.0,18.89
1078,32.0,20.0
1079,31.0,20.78
1080,49.0,27.67
1081,39.0,30.0
1082,25.0,17.0
1083,40.0,16.85
1084,15.0,6.58
1085,50.0,31.33
1086,13.0,7.81
1087,39.0,21.4
1088,16.0,8.12
1089,41.0,21.7
1090,27.0,17.1
1091,32.0,24.56
1092,25.0,11.94
1093,31.0,14.5
1094,79.0,38.4
1095,31.0,13.82
1096,33.0,16.17
1097,31.0,16.29
1098,28.0,17.15
1099,23.0,13.0
1100,62.0,36.0
1101,45.0,22.22
1102,40.0,26.62
1103,74.0,37.8
1104,46.0,21.67
1105,51.0,28.0
1106,37.0,23.75
1107,72.0,26.88
1108,75.0,32.5
1109,55.0,22.5
1110,34.0,16.54
1111,37.0,15.0
1112,31.0,18.0
1113,36.0,23.89
1114,61.0,41.0
1115,47.0,26.86
1116,43.0,28.0
1117,48.0,27.88
1118,42.0,17.55
1119,37.0,11.05
1120,34.0,16.31
1121,51.0,21.0
1122,47.0,21.0
1123,41.0,20.88
1124,61.0,35.0
1125,55.0,25.14
1126,77.0,30.14
1127,25.0,14.76
1128,47.0,32.0
1129,29.0,13.12
1130,60.0,21.8
1131,34.0,20.89
1132,55.0,20.09
1133,30.0,16.46
1134,34.0,21.9
1135,51.0,32.33
1136,57.0,31.0
1137,41.0,13.35
1138,35.0,26.0
1139,46.0,33.2
1140,82.0,45.2
1141,46.0,24.38
1142,46.0,26.0
1143,58.0,30.57
1144,52.0,17.38
1145,28.0,13.71
1146,41.0,11.06
1147,44.0,21.11
1148,56.0,24.2
1149,34.0,24.44
1150,28.0,16.9
1151,51.0,23.8
1152,32.0,18.08
1153,38.0,19.55
1154,39.0,16.27
1155,52.0,35.0
1156,32.0,23.44
1157,45.0,37.4
1158,57.0,30.83
1159,46.0,22.56
1160,59.0,39.8
1161,47.0,28.83
1162,55.0,31.17
1163,51.0,23.0
1164,30.0,18.27
1165,30.0,13.4
1166,51.0,25.33
1167,149.0,69.67
1168,39.0,22.0
1169,62.0,18.91
1170,32.0,16.38
1171,51.0,32.17
1172,54.0,17.5
1173,78.0,31.12
1174,38.0,27.25
1175,70.0,35.17
1176,41.0,15.87
1177,48.0,17.23
1178,55.0,34.8
1179,31.0,15.07
1180,42.0,32.0
1181,42.0,28.5
1182,71.0,34.8
1183,54.0,24.44
1184,62.0,28.62
1185,40.0,27.71
1186,36.0,25.14
1187,39.0,21.88
1188,34.0,23.89
1189,57.0,32.83
1190,60.0,32.5
1191,52.0,26.88
1192,47.0,17.07
1193,47.0,29.0
1194,34.0,16.38
1195,40.0,21.2
1196,59.0,28.14
1197,31.0,26.5
1198,105.0,48.25
1199,43.0,24.0
1200,52.0,28.57
1201,45.0,22.38
1202,97.0,34.33
1203,49.0,27.0
1204,52.0,37.83
1205,30.0,20.9
1206,30.0,18.91
1207,68.0,32.29
1208,63.0,26.12
1209,48.0,28.14
1210,68.0,25.14
1211,28.0,17.75
1212,42.0,21.33
1213,31.0,19.36
1214,86.0,35.33
1215,59.0,32.83
1216,50.0,26.62
1217,41.0,22.0
1218,37.0,21.56
1219,49.0,33.67
1220,60.0,36.83
1221,46.0,32.0
1222,55.0,24.29
1223,48.0,20.1
1224,67.0,63.67
1225,53.0,31.71
1226,41.0,33.5
1227,62.0,34.57
1228,95.0,67.0
1229,42.0,29.57
1230,39.0,25.25
1231,46.0,30.71
1232,66.0,38.0
1233,56.0,30.5
1234,48.0,30.75
1235,56.0,27.14
1236,62.0,17.7
1237,81.0,51.5
1238,63.0,51.0
1239,44.0,31.14
1240,67.0,27.67
1241,42.0,25.71
1242,39.0,20.18
1243,51.0,36.4
1244,21.0,14.07
1245,67.0,39.25
1246,46.0,23.12
1247,45.0,24.56
1248,68.0,29.0
1249,66.0,28.12
1250,77.0,42.0
1251,148.0,113.5
1252,42.0,30.5
1253,68.0,41.2
1254,54.0,38.0
1255,46.0,25.62
1256,54.0,35.2
1257,52.0,36.0
1258,41.0,21.56
1259,25.0,16.71
1260,71.0,33.67
1261,48.0,24.78
1262,59.0,30.43
1263,42.0,30.83
1264,37.0,20.0
1265,39.0,22.25
1266,44.0,23.86
1267,42.0,26.5
1268,51.0,31.43
1269,65.0,28.12
1270,40.0,20.82
1271,48.0,26.86
1272,27.0,17.83
1273,43.0,21.44
1274,61.0,27.67
1275,52.0,33.6
1276,31.0,21.3
1277,51.0,24.44
1278,79.0,43.0
1279,72.0,20.09
1280,64.0,42.0
1281,53.0,32.5
1282,40.0,18.36
1283,68.0,32.0
1284,48.0,24.71
1285,41.0,29.67
1286,86.0,38.17
1287,25.0,16.33
1288,37.0,25.71
1289,51.0,35.6
1290,56.0,29.14
1291,44.0,28.43
1292,55.0,30.86
1293,46.0,12.63
1294,70.0,40.8
1295,51.0,24.22
1296,53.0,34.2
1297,34.0,19.56
1298,66.0,35.67
1299,66.0,28.86
1300,40.0,34.0
1301,46.0,18.33
1302,40.0,20.0
1303,56.0,34.67
1304,43.0,23.22
1305,51.0,29.0
1306,37.0,22.12
1307,46.0,25.5
1308,56.0,27.38
1309,63.0,34.4
1310,63.0,37.8
1311,51.0,28.83
1312,54.0,32.33
1313,53.0,26.38
1314,38.0,30.43
1315,64.0,41.6
1316,38.0,24.86
1317,43.0,26.0
1318,39.0,27.17
1319,106.0,100.5
1320,51.0,27.43
1321,41.0,16.6
1322,45.0,18.36
1323,49.0,23.89
1324,32.0,18.23
1325,43.0,20.5
1326,34.0,13.71
1327,39.0,18.23
1328,37.0,18.73
1329,34.0,14.15
1330,42.0,22.5
1331,45.0,21.9
1332,53.0,26.11
1333,39.0,24.86
1334,49.0,34.8
1335,49.0,26.0
1336,38.0,28.17
1337,43.0,27.83
1338,43.0,31.0
1339,21.0,12.41
1340,71.0,47.0
1341,63.0,27.29
1342,43.0,23.89
1343,50.0,32.2
1344,48.0,21.5
1345,50.0,25.38
1346,32.0,23.89
1347,35.0,21.9
1348,57.0,34.17
1349,49.0,40.5
1350,70.0,34.5
1351,74.0,38.6
1352,32.0,23.43
1353,42.0,28.0
1354,59.0,21.0
1355,67.0,29.43
1356,83.0,55.67
1357,41.0,29.0
1358,64.0,45.25
1359,67.0,46.5
1360,41.0,29.71
1361,42.0,24.12
1362,35.0,20.5
1363,54.0,34.2
1364,47.0,28.43
1365,62.0,30.57
1366,27.0,14.79
1367,45.0,36.4
1368,39.0,20.12
1369,53.0,40.0
1370,29.0,15.25
1371,82.0,30.67
1372,50.0,15.62
1373,53.0,20.82
1374,107.0,36.33
1375,38.0,13.73
1376,61.0,50.0
1377,46.0,23.22
1378,30.0,21.22
1379,45.0,18.0
1380,52.0,34.4
1381,28.0,13.88
1382,52.0,44.0
1383,44.0,32.67
1384,36.0,13.06
1385,50.0,24.25
1386,43.0,16.5
1387,51.0,37.0
1388,47.0,27.43
1389,30.0,16.64
1390,48.0,27.38
1391,107.0,48.25
1392,33.0,22.44
1393,59.0,26.62
1394,55.0,19.8
1395,48.0,22.6
1396,41.0,21.86
1397,47.0,29.17
1398,34.0,20.8
1399,34.0,22.33
1400,44.0,27.0
1401,47.0,28.14
1402,32.0,20.8
1403,49.0,34.5
1404,59.0,34.8
1405,36.0,14.85
1406,77.0,44.4
1407,29.0,15.54
1408,53.0,20.36
1409,27.0,15.25
1410,46.0,21.2
1411,47.0,24.12
1412,69.0,31.86
1413,31.0,19.3
1414,43.0,30.17
1415,26.0,20.12
1416,55.0,23.67
1417,53.0,30.83
1418,34.0,22.88
1419,30.0,19.4
1420,58.0,22.12
1421,107.0,48.5
1422,36.0,19.7
1423,51.0,29.67
1424,79.0,51.0
1425,49.0,25.62
1426,34.0,15.93
1427,57.0,45.75
1428,51.0,25.86
1429,50.0,19.0
1430,66.0,24.0
1431,35.0,19.2
1432,52.0,19.0
1433,90.0,44.4
1434,50.0,19.82
1435,42.0,17.27
1436,37.0,16.91
1437,38.0,24.0
1438,63.0,30.29
1439,57.0,24.78
1440,51.0,30.67
1441,40.0,22.6
1442,38.0,24.56
1443,34.0,18.07
1444,30.0,17.36
1445,42.0,26.43
1446,37.0,25.86
1447,50.0,43.2
1448,76.0,40.4
1449,63.0,42.2
1450,53.0,31.5
1451,42.0,25.25
1452,53.0,28.33
1453,39.0,19.92
1454,70.0,31.17
1455,28.0,16.43
1456,50.0,21.45
1457,45.0,28.67
1458,33.0,14.82
1459,44.0,15.47
1460,45.0,29.17
1461,76.0,31.71
1462,52.0,24.4
1463,60.0,31.17
1464,45.0,22.38
1465,28.0,16.87
1466,39.0,29.0
1467,57.0,15.69
1468,49.0,25.22
1469,125.0,74.67
1470,48.0,22.0
1471,37.0,25.43
1472,42.0,21.9
1473,60.0,23.1
1474,40.0,22.2
1475,45.0,25.38
1476,45.0,25.75
1477,79.0,44.4
1478,96.0,31.0
1479,49.0,28.25
1480,39.0,20.5
1481,33.0,21.6
1482,52.0,34.0
1483,43.0,29.71
1484,49.0,20.89
1485,65.0,30.57
1486,66.0,32.0
1487,60.0,28.14
1488,46.0,30.71
1489,82.0,43.5
1490,42.0,27.75
1491,35.0,25.0
1492,75.0,44.2
1493,39.0,24.75
1494,61.0,29.33
1495,75.0,38.2
1496,79.0,38.67
1497,113.0,68.33
1498,71.0,36.0
1499,36.0,25.12
1500,48.0,22.44
1501,56.0,27.57
1502,41.0,27.71
1503,37.0,24.5
1504,47.0,24.22
1505,42.0,30.5
1506,44.0,24.75
1507,54.0,35.4
1508,37.0,28.67
1509,36.0,26.5
1510,70.0,25.89
1511,55.0,30.0
1512,46.0,19.55
1513,63.0,29.0
1514,65.0,29.86
1515,77.0,44.6
1516,42.0,24.43
1517,30.0,20.5
1518,70.0,31.57
1519,43.0,27.62
1520,35.0,22.5
1521,52.0,31.67
1522,38.0,20.7
1523,48.0,27.67
1524,42.0,23.62
1525,39.0,25.12
1526,41.0,18.82
1527,37.0,24.29
1528,63.0,30.17
1529,46.0,37.5
1530,92.0,42.75
1531,32.0,13.11
1532,15.0,8.48
1533,57.0,25.75
1534,38.0,21.8
1535,63.0,35.83
1536,50.0,19.73
1537,40.0,28.12
1538,72.0,38.2
1539,59.0,25.57
1540,121.0,45.8
1541,36.0,20.5
1542,71.0,35.17
1543,42.0,29.71
1544,46.0,22.5
1545,35.0,19.8
1546,145.0,60.67
1547,63.0,35.0
1548,35.0,21.5
1549,44.0,22.0
1550,38.0,13.24
1551,24.0,11.35
1552,46.0,34.17
1553,45.0,22.33
1554,43.0,26.12
1555,53.0,23.56
1556,77.0,38.4
1557,47.0,34.33
1558,44.0,33.83
1559,55.0,29.5
1560,41.0,26.43
1561,59.0,39.5
1562,32.0,23.0
1563,60.0,31.43
1564,47.0,33.0
1565,100.0,84.0
1566,28.0,21.56
1567,46.0,23.12
1568,57.0,36.67
1569,53.0,37.8
1570,36.0,21.4
1571,53.0,30.33
1572,36.0,26.12
1573,55.0,27.75
1574,36.0,22.88
1575,37.0,22.1
1576,38.0,17.86
1577,81.0,32.14
1578,92.0,34.6
1579,40.0,24.71
1580,35.0,20.18
1581,52.0,26.75
1582,26.0,16.15
1583,38.0,20.09
1584,56.0,27.75
1585,51.0,20.27
1586,56.0,24.78
1587,42.0,19.25
1588,39.0,23.89
1589,67.0,26.67
1590,35.0,21.67
1591,43.0,25.22
1592,60.0,36.5
1593,41.0,26.5
1594,42.0,28.0
1595,56.0,23.75
1596,87.0,34.4
1597,111.0,73.67
1598,61.0,32.67
1599,38.0,19.18
1600,53.0,30.0
1601,56.0,25.75
1602,58.0,27.0
1603,40.0,16.46
1604,69.0,26.78
1605,42.0,28.71
1606,48.0,32.43
1607,68.0,27.12
1608,54.0,21.64
1609,42.0,25.5
1610,102.0,72.33
1611,58.0,28.14
1612,54.0,27.43
1613,51.0,30.0
1614,62.0,35.17
1615,44.0,28.5
1616,54.0,30.83
1617,78.0,51.25
1618,78.0,60.33
1619,75.0,43.0
1620,81.0,36.0
1621,70.0,28.75
1622,44.0,33.5
1623,78.0,44.2
1624,63.0,42.5
1625,64.0,18.5
1626,60.0,33.0
1627,39.0,23.56
1628,51.0,23.44
1629,42.0,28.57
1630,56.0,38.0
1631,45.0,27.14
1632,87.0,68.0
1633,41.0,19.4
1634,78.0,35.5
1635,45.0,29.86
1636,53.0,33.0
1637,48.0,18.42
1638,31.0,23.11
1639,73.0,41.0
1640,40.0,27.38
1641,36.0,24.56
1642,70.0,53.75
1643,79.0,42.8
1644,36.0,25.75
1645,46.0,22.11
1646,89.0,43.8
1647,38.0,23.33
1648,50.0,30.83
1649,39.0,23.0
1650,36.0,27.12
1651,68.0,41.5
1652,61.0,30.5
1653,38.0,25.86
1654,53.0,41.75
1655,39.0,28.86
1656,59.0,23.22
1657,111.0,20.09
1658,36.0,19.18
1659,87.0,59.67
1660,44.0,36.2
1661,58.0,29.25
1662,39.0,24.86
1663,62.0,26.12
1664,45.0,24.22
1665,55.0,23.0
1666,41.0,23.0
1667,42.0,29.33
1668,50.0,30.5
1669,41.0,24.56
1670,41.0,19.27
1671,58.0,35.4
1672,41.0,25.14
1673,32.0,27.33
1674,55.0,31.0
1675,116.0,54.25
1676,51.0,28.43
1677,80.0,42.6
1678,53.0,36.6
1679,52.0,24.11
1680,52.0,25.25
1681,55.0,25.33
1682,49.0,24.57
1683,110.0,39.5
1684,53.0,30.43
1685,38.0,23.5
1686,59.0,42.0
1687,79.0,34.6
1688,44.0,27.88
1689,44.0,28.14
1690,44.0,20.22
1691,61.0,35.5
1692,64.0,29.0
1693,54.0,40.2
1694,45.0,31.17
1695,30.0,18.78
1696,34.0,21.5
1697,53.0,29.86
1698,41.0,24.12
1699,38.0,23.5
1700,57.0,25.57
1701,66.0,28.38
1702,61.0,40.4
1703,45.0,35.4
1704,54.0,31.6
1705,39.0,25.25
1706,42.0,32.6
1707,77.0,56.67
1708,36.0,21.7
1709,31.0,22.78
1710,65.0,50.0
1711,33.0,25.62
1712,42.0,24.75
1713,84.0,44.6
1714,60.0,46.0
1715,73.0,51.25
1716,55.0,30.0
1717,57.0,31.86
1718,121.0,57.0
1719,52.0,31.5
1720,51.0,30.14
1721,59.0,23.62
1722,75.0,41.6
1723,51.0,21.9
1724,69.0,40.4
1725,76.0,43.8
1726,57.0,36.33
1727,56.0,38.6
1728,49.0,31.14
1729,37.0,21.0
1730,82.0,36.5
1731,53.0,25.71
1732,91.0,61.0
1733,44.0,27.75
1734,59.0,27.0
1735,81.0,26.86
1736,44.0,26.62
1737,67.0,27.0
1738,71.0,27.29
1739,35.0,21.78
1740,49.0,34.0
1741,77.0,47.4
1742,88.0,35.0
1743,41.0,28.14
1744,39.0,30.0
1745,47.0,25.57
1746,48.0,30.57
1747,44.0,32.33
1748,27.0,14.38
1749,65.0,34.0
1750,65.0,38.17
1751,45.0,26.86
1752,66.0,31.43
1753,72.0,34.5
1754,55.0,36.33
1755,53.0,28.12
1756,80.0,50.75
1757,53.0,31.43
1758,39.0,24.33
1759,53.0,36.17
1760,69.0,47.0
1761,55.0,46.0
1762,35.0,14.38
1763,106.0,40.8
1764,77.0,27.5
1765,48.0,29.0
1766,35.0,22.86
1767,59.0,37.33
1768,51.0,30.86
1769,58.0,33.6
1770,67.0,23.78
1771,66.0,33.14
1772,64.0,28.67
1773,45.0,27.5
1774,44.0,25.44
1775,42.0,28.71
1776,57.0,34.6
1777,33.0,20.12
1778,28.0,13.88
1779,51.0,27.14
1780,40.0,17.18
1781,32.0,15.07
1782,44.0,15.93
1783,71.0,33.67
1784,29.0,19.67
1785,38.0,22.22
1786,38.0,19.6
1787,40.0,20.9
1788,35.0,15.53
1789,58.0,34.0
1790,64.0,33.29
1791,47.0,22.88
1792,35.0,24.22
1793,44.0,35.0
1794,56.0,27.0
1795,43.0,24.78
1796,31.0,17.1
1797,53.0,26.83
1798,41.0,14.54
1799,48.0,24.11
1800,49.0,33.67
1801,34.0,18.44
1802,42.0,17.7
1803,19.0,9.94
1804,30.0,16.23
1805,52.0,30.57
1806,25.0,10.72
1807,80.0,38.8
1808,32.0,16.36
1809,60.0,33.33
1810,33.0,15.46
1811,52.0,30.29
1812,58.0,29.5
1813,35.0,16.91
1814,34.0,21.6
1815,31.0,20.89
1816,26.0,14.85
1817,37.0,24.75
1818,66.0,42.8
1819,35.0,20.45
1820,27.0,17.33
1821,62.0,15.71
1822,46.0,25.14
1823,59.0,31.67
1824,38.0,24.33
1825,36.0,22.8
1826,43.0,26.88
1827,52.0,24.22
1828,51.0,31.14
1829,49.0,29.71
1830,59.0,36.17
1831,33.0,17.83
1832,48.0,33.6
1833,41.0,21.82
1834,80.0,63.0
1835,52.0,21.8
1836,21.0,11.6
1837,39.0,24.29
1838,69.0,37.5
1839,43.0,27.86
1840,41.0,26.0
1841,59.0,42.0
1842,34.0,17.58
1843,46.0,30.5
1844,62.0,44.6
1845,49.0,41.2
1846,48.0,29.83
1847,65.0,31.67
1848,46.0,27.67
1849,72.0,39.6
1850,55.0,28.14
1851,82.0,40.6
1852,44.0,29.14
1853,60.0,31.5
1854,40.0,20.09
1855,55.0,24.75
1856,58.0,27.12
1857,50.0,32.83
1858,63.0,35.67
1859,35.0,20.55
1860,67.0,32.0
1861,38.0,19.17
1862,105.0,33.43
1863,45.0,25.62
1864,34.0,20.3
1865,29.0,21.25
1866,30.0,16.36
1867,53.0,33.0
1868,49.0,24.71
1869,50.0,33.86
1870,66.0,24.0
1871,57.0,24.38
1872,51.0,27.83
1873,26.0,19.5
1874,58.0,28.33
1875,87.0,44.2
1876,53.0,39.2
1877,48.0,26.44
1878,77.0,32.83
1879,30.0,21.5
1880,22.0,13.3
1881,44.0,27.33
1882,78.0,45.75
1883,73.0,47.25
1884,43.0,23.0
1885,54.0,38.2
1886,63.0,26.38
1887,56.0,21.4
1888,62.0,39.75
1889,72.0,27.5
1890,40.0,25.67
1891,33.0,21.38
1892,32.0,17.83
1893,34.0,22.75
1894,72.0,31.67
1895,32.0,25.0
1896,44.0,26.43
1897,61.0,27.12
1898,60.0,32.5
1899,61.0,26.71
1900,46.0,30.43
1901,45.0,21.9
1902,43.0,28.86
1903,33.0,20.0
1904,53.0,22.88
1905,41.0,23.25
1906,60.0,44.75
1907,133.0,87.5
1908,46.0,28.14
1909,70.0,35.67
1910,68.0,38.0
1911,52.0,24.75
1912,65.0,30.33
1913,38.0,20.89
1914,50.0,21.0
1915,47.0,28.5
1916,47.0,17.23
1917,21.0,11.4
1918,39.0,20.6
1919,53.0,25.11
1920,30.0,20.5
1921,39.0,19.0
1922,64.0,38.6
1923,61.0,36.8
1924,41.0,15.64
1925,35.0,17.5
1926,57.0,35.17
1927,63.0,19.0
1928,45.0,25.62
1929,29.0,12.42
1930,31.0,20.12
1931,31.0,14.75
1932,49.0,23.75
1933,47.0,29.43
1934,40.0,16.75
1935,44.0,20.75
1936,47.0,22.5
1937,62.0,33.14
1938,40.0,17.5
1939,46.0,17.21
1940,35.0,23.75
1941,63.0,44.5
1942,42.0,21.38
1943,48.0,17.69
1944,62.0,30.43
1945,61.0,39.0
1946,42.0,22.5
1947,26.0,17.46
1948,41.0,13.69
1949,63.0,32.67
1950,45.0,21.88
1951,33.0,24.11
1952,79.0,37.0
1953,41.0,25.12
1954,45.0,25.29
1955,49.0,24.38
1956,42.0,24.0
1957,66.0,34.0
1958,27.0,17.09
1959,42.0,34.5
1960,48.0,19.67
1961,39.0,17.1
1962,37.0,26.57
1963,53.0,23.0
1964,51.0,32.5
1965,40.0,23.12
1966,48.0,21.38
1967,55.0,24.38
1968,67.0,26.33
1969,51.0,18.42
1970,37.0,20.89
1971,49.0,22.33
1972,62.0,35.67
1973,44.0,28.14
1974,32.0,13.93
1975,49.0,16.55
1976,33.0,20.9
1977,68.0,27.67
1978,29.0,13.56
1979,57.0,17.5
1980,35.0,15.46
1981,31.0,21.0
1982,37.0,19.91
1983,32.0,22.0
1984,73.0,37.0
1985,44.0,25.56
1986,47.0,23.6
1987,45.0,22.25
1988,32.0,17.45
1989,33.0,22.25
1990,47.0,27.12
1991,37.0,31.29
1992,54.0,27.12
1993,43.0,29.71
1994,47.0,31.29
1995,56.0,24.5
1996,42.0,30.67
1997,40.0,26.43
1998,44.0,23.56
1999,43.0,24.44
2000,34.0,21.22
2001,45.0,31.29
2002,54.0,27.12
2003,55.0,41.75
2004,44.0,26.25
2005,24.0,12.62
2006,43.0,23.1
2007,37.0,17.23
2008,31.0,14.92
2009,50.0,26.75
2010,39.0,17.08
2011,45.0,19.1
2012,45.0,22.3
2013,47.0,19.89
2014,47.0,30.86
2015,34.0,16.25
2016,24.0,16.0
2017,41.0,23.12
2018,48.0,18.5
2019,63.0,25.43
2020,49.0,32.33
2021,46.0,31.0
2022,33.0,17.0
2023,49.0,26.29
2024,45.0,22.22
2025,41.0,22.89
2026,56.0,21.09
2027,38.0,17.9
2028,29.0,17.17
2029,40.0,17.75
2030,38.0,21.0
2031,46.0,23.3
2032,40.0,21.0
2033,48.0,24.43
2034,44.0,25.25
2035,43.0,18.73
2036,48.0,22.0
2037,30.0,19.73
2038,42.0,19.0
2039,46.0,21.56
2040,39.0,17.82
2041,36.0,17.31
2042,37.0,17.92
2043,51.0,25.89
2044,31.0,18.3
2045,46.0,25.43
2046,41.0,13.69
2047,37.0,16.45
2048,28.0,19.44
2049,37.0,23.25
2050,36.0,27.83
2051,36.0,16.17
2052,47.0,20.4
2053,25.0,13.6
2054,79.0,56.33
2055,37.0,17.83
2056,31.0,13.56
2057,25.0,11.8
2058,44.0,19.55
2059,29.0,19.73
2060,54.0,43.75
2061,58.0,34.0
2062,49.0,29.5
2063,65.0,38.0
2064,46.0,22.22
2065,37.0,20.09
2066,63.0,31.29
2067,82.0,31.17
2068,55.0,27.33
2069,54.0,30.67
2070,41.0,27.0
2071,56.0,23.88
2072,43.0,32.5
2073,36.0,24.12
2074,36.0,18.42
2075,50.0,26.0
2076,34.0,26.25
2077,45.0,23.0
2078,59.0,37.0
2079,50.0,29.43
2080,57.0,30.86
2081,51.0,24.44
2082,102.0,59.33
2083,61.0,26.33
2084,63.0,28.0
2085,50.0,19.62
2086,49.0,29.71
2087,51.0,48.0
2088,61.0,44.2
2089,74.0,29.57
2090,51.0,23.0
2091,46.0,14.38
2092,43.0,20.82
2093,63.0,29.88
2094,67.0,26.0
2095,86.0,44.75
2096,70.0,44.6
2097,41.0,25.14
2098,41.0,34.67
2099,57.0,29.86
2100,63.0,30.71
2101,40.0,24.14
2102,48.0,32.2
2103,79.0,33.67
2104,123.0,58.25
2105,57.0,41.6
2106,104.0,81.5
2107,74.0,40.2
2108,45.0,21.55
2109,52.0,32.8
2110,74.0,57.75
2111,93.0,36.5
2112,44.0,25.25
2113,66.0,28.5
2114,72.0,32.29
2115,74.0,37.17
2116,76.0,31.33
2117,64.0,25.0
2118,77.0,40.8
2119,46.0,18.36
2120,57.0,31.83
2121,49.0,26.43
2122,108.0,40.8
2123,70.0,37.6
2124,37.0,21.18
2125,32.0,17.92
2126,42.0,19.17
2127,76.0,46.0
2128,56.0,34.83
2129,65.0,32.8
2130,81.0,30.14
2131,31.0,17.9
2132,68.0,42.0
2133,36.0,27.14
2134,114.0,58.0
2135,37.0,26.43
2136,54.0,34.4
2137,67.0,31.83
2138,48.0,16.08
2139,38.0,23.86
2140,83.0,34.5
2141,42.0,22.56
2142,88.0,32.86
2143,61.0,25.33
2144,55.0,30.29
2145,63.0,27.57
2146,35.0,25.0
2147,59.0,33.33
2148,98.0,39.6
2149,29.0,14.82
2150,26.0,18.0
2151,34.0,18.58
2152,39.0,16.23
2153,39.0,27.71
2154,45.0,25.86
2155,56.0,28.83
2156,78.0,40.4
2157,69.0,50.5
2158,46.0,35.33
2159,68.0,41.4
2160,59.0,22.86
2161,62.0,27.88
2162,62.0,43.2
2163,38.0,19.64
2164,89.0,37.8
2165,42.0,32.29
2166,60.0,23.25
2167,83.0,31.83
2168,49.0,32.5
2169,90.0,34.5
2170,67.0,36.67
2171,78.0,40.8
2172,39.0,22.56
2173,65.0,42.6
2174,66.0,42.75
2175,62.0,36.67
2176,36.0,31.0
2177,76.0,25.0
2178,47.0,32.17
2179,71.0,28.29
2180,36.0,16.62
2181,38.0,29.43
2182,45.0,24.0
2183,61.0,44.4
2184,31.0,14.77
2185,29.0,13.71
2186,43.0,25.12
2187,60.0,31.83
2188,59.0,32.17
2189,83.0,42.6
2190,50.0,29.25
2191,38.0,25.12
2192,30.0,20.0
2193,34.0,23.43
2194,52.0,24.86
2195,34.0,23.89
2196,42.0,20.3
2197,21.0,12.35
2198,28.0,15.31
2199,25.0,16.92
2200,46.0,27.12
2201,43.0,24.86
2202,58.0,29.33
2203,52.0,31.43
2204,39.0,24.75
2205,55.0,31.33
2206,58.0,22.8
2207,32.0,20.78
2208,37.0,20.33
2209,49.0,26.5
2210,29.0,14.14
2211,40.0,27.29
2212,27.0,12.76
2213,38.0,17.73
2214,37.0,18.67
2215,30.0,20.2
2216,23.0,13.46
2217,37.0,15.73
2218,33.0,17.62
2219,38.0,14.43
2220,29.0,15.64
2221,25.0,16.36
2222,55.0,29.5
2223,50.0,19.0
2224,45.0,23.88
2225,35.0,22.29
2226,67.0,24.56
2227,40.0,25.0
2228,57.0,29.83
2229,48.0,35.17
2230,36.0,25.62
2231,48.0,30.5
2232,69.0,41.6
2233,46.0,18.83
2234,70.0,44.75
2235,48.0,24.67
2236,49.0,34.8
2237,55.0,34.17
2238,58.0,32.17
2239,45.0,32.83
2240,74.0,27.86
2241,34.0,22.71
2242,47.0,29.17
2243,42.0,29.71
2244,21.0,9.71
2245,38.0,27.0
2246,56.0,32.71
2247,45.0,24.25
2248,44.0,27.86
2249,29.0,18.0
2250,72.0,35.0
2251,44.0,25.5
2252,52.0,26.29
2253,36.0,21.44
2254,45.0,24.6
2255,81.0,28.0
2256,33.0,16.77
2257,112.0,46.75
2258,33.0,14.38
2259,45.0,30.0
2260,48.0,22.56
2261,38.0,24.25
2262,43.0,24.0
2263,48.0,25.44
2264,61.0,45.0
2265,43.0,27.14
2266,48.0,30.57
2267,44.0,22.44
2268,36.0,20.9
2269,33.0,23.1
2270,48.0,38.4
2271,49.0,29.25
2272,38.0,25.86
2273,55.0,32.0
2274,47.0,24.11
2275,57.0,29.57
2276,50.0,29.43
2277,33.0,26.86
2278,54.0,25.12
2279,43.0,20.22
2280,47.0,33.8
2281,60.0,26.29
2282,42.0,25.5
2283,36.0,24.25
2284,27.0,20.89
2285,73.0,26.71
2286,38.0,22.25
2287,47.0,25.12
2288,44.0,26.0
2289,44.0,33.67
2290,43.0,26.0
2291,38.0,26.0
2292,55.0,37.5
2293,49.0,19.64
2294,34.0,21.5
2295,78.0,30.88
2296,30.0,14.6
2297,59.0,29.43
2298,45.0,34.4
2299,71.0,23.25
2300,99.0,32.0
2301,30.0,19.11
2302,41.0,16.36
2303,52.0,32.67
2304,36.0,19.92
2305,55.0,30.5
2306,48.0,20.3
2307,107.0,40.2
2308,57.0,47.25
2309,61.0,29.86
2310,46.0,26.33
2311,49.0,24.89
2312,32.0,19.33
2313,46.0,23.0
2314,53.0,25.5
2315,40.0,19.64
2316,36.0,20.8
2317,41.0,30.57
2318,35.0,21.2
2319,32.0,19.0
2320,53.0,26.5
2321,36.0,23.43
2322,55.0,24.14
2323,32.0,20.75
2324,48.0,26.43
2325,26.0,17.17
2326,60.0,22.44
2327,41.0,21.36
2328,44.0,30.33
2329,66.0,34.6
2330,39.0,26.5
2331,35.0,22.0
2332,40.0,27.43
2333,57.0,32.67
2334,54.0,36.0
2335,57.0,26.12
2336,59.0,41.75
2337,46.0,25.12
2338,61.0,36.4
2339,57.0,44.75
2340,45.0,41.2
2341,41.0,25.57
2342,43.0,27.17
2343,38.0,20.73
2344,34.0,23.0
2345,47.0,28.57
2346,33.0,23.89
2347,37.0,27.0
2348,41.0,22.29
2349,35.0,23.57
2350,39.0,18.11
2351,43.0,31.67
2352,27.0,15.53
2353,39.0,22.6
2354,27.0,17.0
2355,30.0,21.0
2356,29.0,14.93
2357,23.0,12.56
2358,30.0,12.47
2359,22.0,12.81
2360,24.0,13.38
2361,31.0,22.29
2362,29.0,16.6
2363,45.0,29.5
2364,35.0,27.43
2365,49.0,31.17
2366,44.0,25.43
2367,55.0,21.0
2368,65.0,27.12
2369,68.0,25.89
2370,52.0,32.86
2371,56.0,26.0
2372,40.0,24.38
2373,56.0,35.67
2374,42.0,17.82
2375,41.0,29.57
2376,38.0,14.69
2377,22.0,13.86
2378,30.0,16.53
2379,23.0,14.31
2380,36.0,17.62
2381,33.0,17.25
2382,58.0,37.0
2383,41.0,26.0
2384,45.0,27.62
2385,38.0,27.62
2386,57.0,24.12
2387,57.0,21.88
2388,34.0,26.5
2389,29.0,23.43
2390,41.0,21.88
2391,61.0,34.0
2392,38.0,24.88
2393,39.0,18.23
2394,39.0,15.75
2395,46.0,24.3
2396,34.0,14.92
2397,42.0,31.83
2398,50.0,32.5
2399,46.0,31.17
2400,60.0,32.0
2401,53.0,25.0
2402,49.0,34.5
2403,65.0,44.25
2404,65.0,22.73
2405,52.0,27.86
2406,54.0,28.43
2407,56.0,30.83
2408,56.0,32.17
2409,57.0,28.43
2410,75.0,27.12
2411,28.0,16.5
2412,57.0,24.71
2413,33.0,17.18
2414,28.0,21.0
2415,49.0,24.88
2416,57.0,31.14
2417,50.0,27.29
2418,42.0,21.78
2419,63.0,33.0
2420,27.0,16.83
2421,59.0,30.29
2422,30.0,19.5
2423,38.0,25.14
2424,51.0,32.0
2425,48.0,30.33
2426,41.0,24.33
2427,34.0,20.38
2428,33.0,27.0
2429,69.0,56.5
2430,43.0,27.86
2431,98.0,65.67
2432,62.0,34.0
2433,49.0,27.75
2434,70.0,47.4
2435,82.0,37.2
2436,53.0,25.5
2437,39.0,23.29
2438,43.0,26.12
2439,42.0,23.12
2440,44.0,25.0
2441,31.0,24.0
2442,81.0,37.8
2443,32.0,15.85
2444,76.0,41.0
2445,28.0,15.69
2446,46.0,16.36
2447,32.0,17.75
2448,81.0,23.25
2449,41.0,23.5
2450,37.0,23.71
2451,51.0,21.67
2452,50.0,26.88
2453,57.0,34.33
2454,39.0,22.2
2455,63.0,26.0
2456,93.0,92.5
2457,101.0,68.0
2458,64.0,35.33
2459,47.0,33.33
2460,47.0,42.75
2461,33.0,14.33
2462,42.0,16.57
2463,41.0,31.17
2464,54.0,27.88
2465,51.0,26.67
2466,56.0,30.17
2467,52.0,26.12
2468,68.0,27.71
2469,41.0,20.8
2470,88.0,43.2
2471,60.0,36.2
2472,39.0,28.71
2473,41.0,29.43
2474,43.0,24.12
2475,49.0,33.33
2476,35.0,15.67
2477,57.0,26.0
2478,32.0,14.4
2479,52.0,26.88
2480,52.0,25.25
2481,39.0,19.27
2482,45.0,28.12
2483,50.0,29.0
2484,37.0,18.7
2485,41.0,23.44
2486,35.0,18.22
2487,42.0,21.9
2488,41.0,16.92
2489,61.0,36.33
2490,49.0,30.86
2491,74.0,51.5
2492,78.0,29.86
2493,41.0,29.29
2494,45.0,32.71
2495,75.0,30.5
2496,46.0,14.0
2497,41.0,31.17
2498,46.0,18.42
2499,38.0,25.38
2500,52.0,28.67
2501,44.0,16.0
2502,57.0,38.67
2503,45.0,24.33
2504,65.0,33.2
2505,31.0,17.91
2506,44.0,30.57
2507,44.0,23.67
2508,45.0,30.57
2509,55.0,27.71
2510,58.0,40.0
2511,47.0,28.29
2512,43.0,25.12
2513,42.0,25.5
2514,55.0,30.0
2515,66.0,40.8
2516,64.0,26.0
2517,36.0,22.0
2518,91.0,46.0
2519,39.0,27.86
2520,82.0,27.5
2521,54.0,20.09
2522,41.0,23.75
2523,56.0,23.44
2524,32.0,20.8
2525,39.0,23.14
2526,65.0,22.0
2527,31.0,16.0
2528,56.0,29.43
2529,57.0,24.14
2530,30.0,16.0
2531,42.0,28.17
2532,52.0,30.71
2533,36.0,22.33
2534,48.0,33.0
2535,43.0,23.5
2536,46.0,30.5
2537,37.0,28.0
2538,67.0,36.4
2539,50.0,24.88
2540,175.0,113.0
2541,49.0,29.5
2542,66.0,33.17
2543,43.0,19.5
2544,51.0,18.44
2545,56.0,19.0
2546,24.0,13.85
2547,50.0,31.83
2548,58.0,25.89
2549,35.0,22.5
2550,47.0,19.5
2551,56.0,23.0
2552,48.0,26.25
2553,46.0,33.6
2554,50.0,28.29
2555,35.0,23.44
2556,33.0,23.12
2557,100.0,33.43
2558,69.0,33.43
2559,55.0,33.67
2560,53.0,38.33
2561,40.0,32.2
2562,50.0,43.0
2563,43.0,21.22
2564,50.0,36.4
2565,53.0,32.83
2566,71.0,34.6
2567,57.0,38.5
2568,20.0,9.1
2569,19.0,10.57
2570,17.0,7.85
2571,16.0,12.47
2572,21.0,13.86
2573,46.0,15.5
2574,98.0,54.75
2575,77.0,41.6
2576,33.0,11.72
2577,25.0,16.75
2578,47.0,26.5
2579,29.0,17.9
2580,34.0,19.78
2581,50.0,33.17
2582,30.0,20.0
2583,66.0,31.71
2584,73.0,35.67
2585,37.0,16.85
2586,43.0,17.64
2587,69.0,23.56
2588,31.0,17.08
2589,28.0,17.0
2590,34.0,20.3
2591,41.0,20.12
2592,87.0,21.17
2593,31.0,21.0
2594,39.0,25.62
2595,63.0,30.14
2596,29.0,20.91
2597,42.0,24.0
2598,54.0,21.27
2599,35.0,19.7
2600,39.0,24.12
2601,38.0,17.83
2602,53.0,39.4
2603,29.0,15.15
2604,58.0,41.5
2605,66.0,33.5
2606,30.0,14.92
2607,53.0,19.27
2608,40.0,22.9
2609,31.0,20.27
2610,49.0,19.5
2611,33.0,15.46
2612,79.0,37.0
2613,23.0,13.0
2614,45.0,23.5
2615,35.0,20.91
2616,47.0,34.67
2617,63.0,41.4
2618,52.0,33.2
2619,51.0,42.5
2620,33.0,26.5
2621,50.0,21.0
2622,72.0,34.17
2623,53.0,31.83
2624,61.0,28.29
2625,48.0,34.5
2626,48.0,28.71
2627,62.0,32.5
2628,73.0,38.17
2629,147.0,106.0
2630,53.0,20.75
2631,46.0,31.43
2632,41.0,25.33
2633,32.0,28.33
2634,50.0,32.67
2635,82.0,31.17
2636,40.0,32.8
2637,51.0,34.0
2638,69.0,32.67
2639,76.0,47.0
2640,36.0,22.67
2641,59.0,32.0
2642,69.0,41.4
2643,76.0,48.5
2644,30.0,24.57
2645,100.0,66.0
2646,73.0,32.33
2647,37.0,23.22
2648,38.0,27.0
2649,54.0,25.88
2650,33.0,24.0
2651,46.0,37.2
2652,39.0,28.33
2653,82.0,40.0
2654,69.0,38.6
2655,68.0,22.7
2656,38.0,18.5
2657,85.0,48.5
2658,33.0,22.2
2659,55.0,31.67
2660,48.0,30.33
2661,46.0,30.57
2662,41.0,22.0
2663,54.0,14.93
2664,73.0,33.5
2665,29.0,20.7
2666,41.0,22.8
2667,119.0,29.38
2668,31.0,16.0
2669,36.0,13.75
2670,30.0,20.78
2671,43.0,19.3
2672,61.0,36.5
2673,44.0,25.62
2674,41.0,25.75
2675,37.0,22.33
2676,61.0,21.8
2677,36.0,22.6
2678,32.0,17.71
2679,50.0,32.83
2680,59.0,47.25
2681,59.0,24.78
2682,45.0,33.33
2683,75.0,23.1
2684,94.0,42.0
2685,28.0,15.45
2686,54.0,30.0
2687,67.0,28.43
2688,36.0,21.3
2689,51.0,25.0
2690,55.0,24.8
2691,62.0,38.6
2692,50.0,24.86
2693,62.0,41.8
2694,28.0,14.88
2695,25.0,11.13
2696,23.0,13.21
2697,20.0,11.55
2698,30.0,14.56
2699,48.0,17.64
2700,52.0,26.0
2701,62.0,26.0
2702,69.0,38.83
2703,41.0,18.09
2704,43.0,25.38
2705,41.0,30.29
2706,32.0,13.12
2707,47.0,29.17
2708,37.0,26.0
2709,71.0,55.0
2710,57.0,34.2
2711,43.0,24.0
2712,20.0,8.0
2713,17.0,7.77
2714,61.0,25.12
2715,24.0,11.53
2716,27.0,15.07
2717,46.0,27.71
2718,42.0,30.83
2719,52.0,27.14
2720,51.0,19.44
2721,53.0,31.6
2722,65.0,40.2
2723,82.0,59.67
2724,69.0,38.6
2725,123.0,39.8
2726,60.0,27.5
2727,40.0,22.5
2728,41.0,25.29
2729,54.0,26.25
2730,58.0,32.6
2731,31.0,18.83
2732,50.0,19.9
2733,42.0,25.86
2734,69.0,60.0
2735,61.0,55.67
2736,42.0,23.11
2737,41.0,25.38
2738,55.0,39.2
2739,42.0,26.62
2740,52.0,32.0
2741,37.0,25.0
2742,37.0,27.0
2743,57.0,33.33
2744,48.0,36.33
2745,42.0,21.44
2746,42.0,26.88
2747,57.0,25.67
2748,40.0,18.45
2749,59.0,31.67
2750,80.0,31.57
2751,77.0,57.33
2752,89.0,34.33
2753,57.0,45.5
2754,70.0,41.5
2755,29.0,13.94
2756,46.0,30.29
2757,36.0,21.36
2758,35.0,14.69
2759,39.0,19.11
2760,46.0,21.0
2761,34.0,18.3
2762,74.0,21.0
2763,32.0,9.23
2764,47.0,23.86
2765,14.0,9.67
2766,54.0,46.75
2767,63.0,32.83
2768,34.0,17.31
2769,41.0,17.58
2770,37.0,26.5
2771,46.0,24.12
2772,53.0,30.0
2773,64.0,44.25
2774,48.0,16.42
2775,47.0,28.83
2776,96.0,40.25
2777,33.0,22.9
2778,30.0,17.91
2779,44.0,23.62
2780,32.0,19.46
2781,67.0,57.33
2782,62.0,32.0
2783,49.0,18.27
2784,63.0,28.17
2785,27.0,15.23
2786,39.0,22.7
2787,47.0,25.86
2788,35.0,25.22
2789,32.0,26.0
2790,19.0,9.77
2791,29.0,15.86
2792,42.0,26.5
2793,43.0,32.67
2794,21.0,11.5
2795,32.0,19.7
2796,88.0,38.6
2797,38.0,21.5
2798,36.0,23.6
2799,21.0,12.79
2800,68.0,35.33
2801,40.0,22.44
2802,40.0,19.6
2803,22.0,12.33
2804,75.0,32.0
2805,68.0,22.8
2806,37.0,23.71
2807,45.0,33.2
2808,45.0,28.5
2809,37.0,25.25
2810,35.0,24.62
2811,37.0,21.67
2812,40.0,16.31
2813,49.0,20.25
2814,43.0,25.88
2815,23.0,12.68
2816,46.0,27.14
2817,35.0,15.75
2818,21.0,9.91
2819,16.0,11.24
2820,29.0,15.42
2821,21.0,11.67
2822,19.0,13.13
2823,17.0,11.92
2824,26.0,13.38
2825,15.0,9.26
2826,18.0,9.42
2827,16.0,8.58
2828,13.0,7.76
2829,21.0,13.08
2830,26.0,13.07
2831,35.0,12.65
2832,25.0,15.08
2833,35.0,14.38
